ValueMeaning	LabelValueMeaning	Referentiel	url	TypeConceptualDomain	FormatConceptualDomain	IdDataElementConcept	ConceptualDomain		ObjectClass	ObjectProperty	DataElementConcept	DefDataElementConcept
				nonEnumerated	String	C1			Patient	Id	Id du patient	Identifiant du patient dans le centre transmetteur de l'information
M	Male	FHIR (HL7) v3	http://hl7.org/fhir/v3/AdministrativeGender/index.html	Enumerated	String	C2	HL7 v3 Code System AdministrativeGender		Patient	Gender	Sexe	Sexe du patient
F	Female	FHIR (HL7) v3	http://hl7.org/fhir/v3/AdministrativeGender/index.html	Enumerated	String	C2	HL7 v3 Code System AdministrativeGender		Patient	Gender	Sexe	Sexe du patient
UN	Undifferentiated	FHIR (HL7) v3	http://hl7.org/fhir/v3/AdministrativeGender/index.html	Enumerated	String	C2	HL7 v3 Code System AdministrativeGender		Patient	Gender	Sexe	Sexe du patient
1002-5	American Indian or Alaska Native	FHIR (HL7) v3	https://www.hl7.org/fhir/v3/Race/index.html	Enumerated	String	C3	HL7 v3 Code System Race		Patient	Ethnicity	Ethnicité	Origine ethnique du patient
1004-1	American Indian	FHIR (HL7) v3	https://www.hl7.org/fhir/v3/Race/index.html	Enumerated	String	C3	HL7 v3 Code System Race		Patient	Ethnicity	Ethnicité	Origine ethnique du patient
2028-9	Asian	FHIR (HL7) v3	https://www.hl7.org/fhir/v3/Race/index.html	Enumerated	String	C3	HL7 v3 Code System Race		Patient	Ethnicity	Ethnicité	Origine ethnique du patient
2029-7	Asian Indian	FHIR (HL7) v3	https://www.hl7.org/fhir/v3/Race/index.html	Enumerated	String	C3	HL7 v3 Code System Race		Patient	Ethnicity	Ethnicité	Origine ethnique du patient
2030-5	Bangladeshi	FHIR (HL7) v3	https://www.hl7.org/fhir/v3/Race/index.html	Enumerated	String	C3	HL7 v3 Code System Race		Patient	Ethnicity	Ethnicité	Origine ethnique du patient
2031-3	Bhutanese	FHIR (HL7) v3	https://www.hl7.org/fhir/v3/Race/index.html	Enumerated	String	C3	HL7 v3 Code System Race		Patient	Ethnicity	Ethnicité	Origine ethnique du patient
2032-1	Burmese	FHIR (HL7) v3	https://www.hl7.org/fhir/v3/Race/index.html	Enumerated	String	C3	HL7 v3 Code System Race		Patient	Ethnicity	Ethnicité	Origine ethnique du patient
2033-9	Cambodian	FHIR (HL7) v3	https://www.hl7.org/fhir/v3/Race/index.html	Enumerated	String	C3	HL7 v3 Code System Race		Patient	Ethnicity	Ethnicité	Origine ethnique du patient
2034-7	Chinese	FHIR (HL7) v3	https://www.hl7.org/fhir/v3/Race/index.html	Enumerated	String	C3	HL7 v3 Code System Race		Patient	Ethnicity	Ethnicité	Origine ethnique du patient
2035-4	Taiwanese	FHIR (HL7) v3	https://www.hl7.org/fhir/v3/Race/index.html	Enumerated	String	C3	HL7 v3 Code System Race		Patient	Ethnicity	Ethnicité	Origine ethnique du patient
2036-2	Filipino	FHIR (HL7) v3	https://www.hl7.org/fhir/v3/Race/index.html	Enumerated	String	C3	HL7 v3 Code System Race		Patient	Ethnicity	Ethnicité	Origine ethnique du patient
2037-0	Hmong	FHIR (HL7) v3	https://www.hl7.org/fhir/v3/Race/index.html	Enumerated	String	C3	HL7 v3 Code System Race		Patient	Ethnicity	Ethnicité	Origine ethnique du patient
2038-8	Indonesian	FHIR (HL7) v3	https://www.hl7.org/fhir/v3/Race/index.html	Enumerated	String	C3	HL7 v3 Code System Race		Patient	Ethnicity	Ethnicité	Origine ethnique du patient
2039-6	Japanese	FHIR (HL7) v3	https://www.hl7.org/fhir/v3/Race/index.html	Enumerated	String	C3	HL7 v3 Code System Race		Patient	Ethnicity	Ethnicité	Origine ethnique du patient
2040-4	Korean	FHIR (HL7) v3	https://www.hl7.org/fhir/v3/Race/index.html	Enumerated	String	C3	HL7 v3 Code System Race		Patient	Ethnicity	Ethnicité	Origine ethnique du patient
2041-2	Laotian	FHIR (HL7) v3	https://www.hl7.org/fhir/v3/Race/index.html	Enumerated	String	C3	HL7 v3 Code System Race		Patient	Ethnicity	Ethnicité	Origine ethnique du patient
2042-0	Malaysian	FHIR (HL7) v3	https://www.hl7.org/fhir/v3/Race/index.html	Enumerated	String	C3	HL7 v3 Code System Race		Patient	Ethnicity	Ethnicité	Origine ethnique du patient
2043-8	Okinawan	FHIR (HL7) v3	https://www.hl7.org/fhir/v3/Race/index.html	Enumerated	String	C3	HL7 v3 Code System Race		Patient	Ethnicity	Ethnicité	Origine ethnique du patient
2044-6	Pakistani	FHIR (HL7) v3	https://www.hl7.org/fhir/v3/Race/index.html	Enumerated	String	C3	HL7 v3 Code System Race		Patient	Ethnicity	Ethnicité	Origine ethnique du patient
2045-3	Sri Lankan	FHIR (HL7) v3	https://www.hl7.org/fhir/v3/Race/index.html	Enumerated	String	C3	HL7 v3 Code System Race		Patient	Ethnicity	Ethnicité	Origine ethnique du patient
2046-1	Thai	FHIR (HL7) v3	https://www.hl7.org/fhir/v3/Race/index.html	Enumerated	String	C3	HL7 v3 Code System Race		Patient	Ethnicity	Ethnicité	Origine ethnique du patient
2047-9	Vietnamese	FHIR (HL7) v3	https://www.hl7.org/fhir/v3/Race/index.html	Enumerated	String	C3	HL7 v3 Code System Race		Patient	Ethnicity	Ethnicité	Origine ethnique du patient
2048-7	Iwo Jiman	FHIR (HL7) v3	https://www.hl7.org/fhir/v3/Race/index.html	Enumerated	String	C3	HL7 v3 Code System Race		Patient	Ethnicity	Ethnicité	Origine ethnique du patient
2049-5	Maldivian	FHIR (HL7) v3	https://www.hl7.org/fhir/v3/Race/index.html	Enumerated	String	C3	HL7 v3 Code System Race		Patient	Ethnicity	Ethnicité	Origine ethnique du patient
2050-3	Nepalese	FHIR (HL7) v3	https://www.hl7.org/fhir/v3/Race/index.html	Enumerated	String	C3	HL7 v3 Code System Race		Patient	Ethnicity	Ethnicité	Origine ethnique du patient
2051-1	Singaporean	FHIR (HL7) v3	https://www.hl7.org/fhir/v3/Race/index.html	Enumerated	String	C3	HL7 v3 Code System Race		Patient	Ethnicity	Ethnicité	Origine ethnique du patient
2052-9	Madagascar	FHIR (HL7) v3	https://www.hl7.org/fhir/v3/Race/index.html	Enumerated	String	C3	HL7 v3 Code System Race		Patient	Ethnicity	Ethnicité	Origine ethnique du patient
2054-5	Black or African American	FHIR (HL7) v3	https://www.hl7.org/fhir/v3/Race/index.html	Enumerated	String	C3	HL7 v3 Code System Race		Patient	Ethnicity	Ethnicité	Origine ethnique du patient
2056-0	Black	FHIR (HL7) v3	https://www.hl7.org/fhir/v3/Race/index.html	Enumerated	String	C3	HL7 v3 Code System Race		Patient	Ethnicity	Ethnicité	Origine ethnique du patient
2058-6	African American	FHIR (HL7) v3	https://www.hl7.org/fhir/v3/Race/index.html	Enumerated	String	C3	HL7 v3 Code System Race		Patient	Ethnicity	Ethnicité	Origine ethnique du patient
2060-2	African	FHIR (HL7) v3	https://www.hl7.org/fhir/v3/Race/index.html	Enumerated	String	C3	HL7 v3 Code System Race		Patient	Ethnicity	Ethnicité	Origine ethnique du patient
2067-7	Bahamian	FHIR (HL7) v3	https://www.hl7.org/fhir/v3/Race/index.html	Enumerated	String	C3	HL7 v3 Code System Race		Patient	Ethnicity	Ethnicité	Origine ethnique du patient
2068-5	Barbadian	FHIR (HL7) v3	https://www.hl7.org/fhir/v3/Race/index.html	Enumerated	String	C3	HL7 v3 Code System Race		Patient	Ethnicity	Ethnicité	Origine ethnique du patient
2069-3	Dominican	FHIR (HL7) v3	https://www.hl7.org/fhir/v3/Race/index.html	Enumerated	String	C3	HL7 v3 Code System Race		Patient	Ethnicity	Ethnicité	Origine ethnique du patient
2070-1	Dominica Islander	FHIR (HL7) v3	https://www.hl7.org/fhir/v3/Race/index.html	Enumerated	String	C3	HL7 v3 Code System Race		Patient	Ethnicity	Ethnicité	Origine ethnique du patient
2071-9	Haitian	FHIR (HL7) v3	https://www.hl7.org/fhir/v3/Race/index.html	Enumerated	String	C3	HL7 v3 Code System Race		Patient	Ethnicity	Ethnicité	Origine ethnique du patient
2072-7	Jamaican	FHIR (HL7) v3	https://www.hl7.org/fhir/v3/Race/index.html	Enumerated	String	C3	HL7 v3 Code System Race		Patient	Ethnicity	Ethnicité	Origine ethnique du patient
2073-5	Tobagoan	FHIR (HL7) v3	https://www.hl7.org/fhir/v3/Race/index.html	Enumerated	String	C3	HL7 v3 Code System Race		Patient	Ethnicity	Ethnicité	Origine ethnique du patient
2074-3	Trinidadian	FHIR (HL7) v3	https://www.hl7.org/fhir/v3/Race/index.html	Enumerated	String	C3	HL7 v3 Code System Race		Patient	Ethnicity	Ethnicité	Origine ethnique du patient
2075-0	West Indian	FHIR (HL7) v3	https://www.hl7.org/fhir/v3/Race/index.html	Enumerated	String	C3	HL7 v3 Code System Race		Patient	Ethnicity	Ethnicité	Origine ethnique du patient
2076-8	Native Hawaiian or Other Pacific Islander	FHIR (HL7) v3	https://www.hl7.org/fhir/v3/Race/index.html	Enumerated	String	C3	HL7 v3 Code System Race		Patient	Ethnicity	Ethnicité	Origine ethnique du patient
2078-4	Polynesian	FHIR (HL7) v3	https://www.hl7.org/fhir/v3/Race/index.html	Enumerated	String	C3	HL7 v3 Code System Race		Patient	Ethnicity	Ethnicité	Origine ethnique du patient
2085-9	Micronesian	FHIR (HL7) v3	https://www.hl7.org/fhir/v3/Race/index.html	Enumerated	String	C3	HL7 v3 Code System Race		Patient	Ethnicity	Ethnicité	Origine ethnique du patient
2100-6	Melanesian	FHIR (HL7) v3	https://www.hl7.org/fhir/v3/Race/index.html	Enumerated	String	C3	HL7 v3 Code System Race		Patient	Ethnicity	Ethnicité	Origine ethnique du patient
2500-7	Other Pacific Islander	FHIR (HL7) v3	https://www.hl7.org/fhir/v3/Race/index.html	Enumerated	String	C3	HL7 v3 Code System Race		Patient	Ethnicity	Ethnicité	Origine ethnique du patient
2106-3	White	FHIR (HL7) v3	https://www.hl7.org/fhir/v3/Race/index.html	Enumerated	String	C3	HL7 v3 Code System Race		Patient	Ethnicity	Ethnicité	Origine ethnique du patient
2108-9	European	FHIR (HL7) v3	https://www.hl7.org/fhir/v3/Race/index.html	Enumerated	String	C3	HL7 v3 Code System Race		Patient	Ethnicity	Ethnicité	Origine ethnique du patient
2118-8	Middle Eastern or North African	FHIR (HL7) v3	https://www.hl7.org/fhir/v3/Race/index.html	Enumerated	String	C3	HL7 v3 Code System Race		Patient	Ethnicity	Ethnicité	Origine ethnique du patient
2129-5	Arab	FHIR (HL7) v3	https://www.hl7.org/fhir/v3/Race/index.html	Enumerated	String	C3	HL7 v3 Code System Race		Patient	Ethnicity	Ethnicité	Origine ethnique du patient
				nonEnumerated	Date	C4			Patient	BirthDate	Date de naissance	Date de naissance du patient
				nonEnumerated	Date	C5			Patient	DeathDate	Date de décès	Date de décès du patient
				nonEnumerated	String	C6			Patient	CenterId	Id du Centre	Identifiant du centre transmetteur de l'information
UMLS:C0277589	Death of unknown cause	UMLS	https://uts.nlm.nih.gov/metathesaurus.html#C0277589;0;1;CUI;2016AA;EXACT_MATCH;CUI;*;	Enumerated	String	C7	UMLS:C0007465		Patient	CauseOfDeath	Cause du décès	Descriptif de la cause de décès du patient
UMLS:C1707251	Other cancer	UMLS	https://uts.nlm.nih.gov/metathesaurus.html#C1707251;0;1;CUI;2016AA;EXACT_MATCH;CUI;*;	Enumerated	String	C7	UMLS:C0007465		Patient	CauseOfDeath	Cause du décès	Descriptif de la cause de décès du patient
UMLS:C3262234	Other cause	UMLS	https://uts.nlm.nih.gov/metathesaurus.html#C3262234;0;1;CUI;2016AA;EXACT_MATCH;CUI;*;	Enumerated	String	C7	UMLS:C0007465		Patient	CauseOfDeath	Cause du décès	Descriptif de la cause de décès du patient
UMLS:C0679861	Complications of treatment	UMLS	https://uts.nlm.nih.gov/metathesaurus.html#C0679861;0;1;CUI;2016AA;EXACT_MATCH;CUI;*;	Enumerated	String	C7	UMLS:C0007465		Patient	CauseOfDeath	Cause du décès	Descriptif de la cause de décès du patient
UMLS:C0027651	Neoplasm	UMLS	https://uts.nlm.nih.gov/metathesaurus.html#C0027651;0;1;CUI;2016AA;EXACT_MATCH;CUI;*;	Enumerated	String	C7	UMLS:C0007465		Patient	CauseOfDeath	Cause du décès	Descriptif de la cause de décès du patient
				nonEnumerated	Date	C8			Patient	LastNewsDate	Date de dernières nouvelles	Date de dernières nouvelles du patient (= date de dernière venue du patient si aucune autre information disponible)
UMLS:C2584946	Alive (finding)	UMLS		Enumerated	String	C9			Patient	LastNewsStatus	Etat aux dernières nouvelles	Indicateur de l'état du patient aux dernières nouvelles (Vivant ou décédé)
ULMS:C1546956	Patient Outcome - Died	UMLS		Enumerated	String	C9			Patient	LastNewsStatus	Etat aux dernières nouvelles	Indicateur de l'état du patient aux dernières nouvelles (Vivant ou décédé)
				nonEnumerated	Date	C10			Consent	ExpirationDate	Date de validité du consentement	Date limite de validité du consentement
				nonEnumerated	Boolean	C11			Consent	IntrinsicAnalysisAuth	Autorisation pour analyses en constitutionnelle	Autorisation pour analyses en constitutionnel
				nonEnumerated	Boolean	C12			Consent	SomaticAnalysisAuth	Autorisation pour analyses en somatique	Autorisation pour analyses en somatique
ICD-10	cf. ICD-10	ICD-10	http://apps.who.int/classifications/icd10/browse/2016/en	Enumerated	String	C13	ICD-10		RelatedPathology	PathologyCode	Code	Code international de la pathologie associée (hors autre cancer).
				nonEnumerated	Date	C14			RelatedPathology	DiagnosisDate	Date	Date du diagnostic de la pathologie associée
				nonEnumerated	Date	C15			RelatedPathology	PathologyEndDate	Date de fin	Date de fin de la pathologie associée (si elle existe et est connue).
				nonEnumerated	Date	C16			CancerHistory	DiagnosisDate	Date de diagnostic	Date de diagnostic de l'antécédent carcinologique
ICD-O-3-TOPO	cf. ICD-O-3-TOPO	CIM-O-3 Topo	http://codes.iarc.fr/topography	Enumerated	String	C17	CIM-O-3 Topo		CancerHistory	TopographyCode	Code Localisation	Code international de la localisation de l'antécédent carcinologique
ICD-O-3-MORPHO	cf. ICD-O-3-MORPHO	CIM-O-3 Morpho	http://codes.iarc.fr/codegroup/2	Enumerated	String	C18	CIM-O-3 Morpho		CancerHistory	MorphologyCode	Code Morphologie / Lésion	Code international de la lésion / type histologique / morphologie de l'antécédent carcinologique
OSIRIS:C19-1	Individual	OSIRIS		Enumerated	String	C19	OSIRIS:CancerHistoryType		CancerHistory	Type	Type	Type d'antécédent (Personnel ou Familial)
OSIRIS:C19-2	Family	OSIRIS		Enumerated	String	C19	OSIRIS:CancerHistoryType		CancerHistory	Type	Type	Type d'antécédent (Personnel ou Familial)
UMLS:C1882062 	Neoplasm	UMLS		Enumerated	String	C20	OSIRIS:EventType		TumorPathologyEvent	Type	Type	Le champ 'Type' permet de décrire à la fois l'événement 'Cancer' en tant que maladie globale que les différents événements constituant cette maladie (Tumeur initiale, Récidive locale, Récidive métastatique).
UMLS:C2939419	Secondary Neoplasm	UMLS		Enumerated	String	C20	OSIRIS:EventType		TumorPathologyEvent	Type	Type	Le champ 'Type' permet de décrire à la fois l'événement 'Cancer' en tant que maladie globale que les différents événements constituant cette maladie (Tumeur initiale, Récidive locale, Récidive métastatique).
UMLS:C0521158	Recurrent tumor	UMLS		Enumerated	String	C20	OSIRIS:EventType		TumorPathologyEvent	Type	Type	Le champ 'Type' permet de décrire à la fois l'événement 'Cancer' en tant que maladie globale que les différents événements constituant cette maladie (Tumeur initiale, Récidive locale, Récidive métastatique).
UMLS:C0677930	primary tumor	UMLS		Enumerated	String	C20	OSIRIS:EventType		TumorPathologyEvent	Type	Type	Le champ 'Type' permet de décrire à la fois l'événement 'Cancer' en tant que maladie globale que les différents événements constituant cette maladie (Tumeur initiale, Récidive locale, Récidive métastatique).
				nonEnumerated	Date	C21			TumorPathologyEvent	StartDate	Date de début de l'évènement	Date de début de l'événement tumoral ou de la maladie
0	activité normale sans restriction	OMS		Enumerated	String	C22	OMS		TumorPathologyEvent	PerformanceStatus	Echelle d'autonomie / Performance status	Définition de l'échelle d'autonomie (échelle de Karnofsky ou OMS)
1	restreint pour des activités physiques importantes, mais patient ambulant et capable de fournir un travail léger	OMS		Enumerated	String	C22	OMS		TumorPathologyEvent	PerformanceStatus	Echelle d'autonomie / Performance status	Définition de l'échelle d'autonomie (échelle de Karnofsky ou OMS)
2	ambulant et capable de se prendre en charge, mais incapable de fournir un travail et alité pendant moins de 50 % de son temps	OMS		Enumerated	String	C22	OMS		TumorPathologyEvent	PerformanceStatus	Echelle d'autonomie / Performance status	Définition de l'échelle d'autonomie (échelle de Karnofsky ou OMS)
3	capacité de prise en charge propre beaucoup plus limitée. Passe plus de 50 % de son temps au lit ou dans une chaise.	OMS		Enumerated	String	C22	OMS		TumorPathologyEvent	PerformanceStatus	Echelle d'autonomie / Performance status	Définition de l'échelle d'autonomie (échelle de Karnofsky ou OMS)
4	complètement grabataire. Incapable de se prendre en charge. Le patient reste totalement confiné au lit ou dans une chaise.	OMS		Enumerated	String	C22	OMS		TumorPathologyEvent	PerformanceStatus	Echelle d'autonomie / Performance status	Définition de l'échelle d'autonomie (échelle de Karnofsky ou OMS)
				nonEnumerated	Integer	C23	G8		TumorPathologyEvent	G8	Outil de dépistage G8	outil d'évaluation de l'état général des patients âgés ayant un cancer
Tx	Tx			Enumerated	String	C24	OSIRIS:T_TNM		TumorPathologyEvent	T	T	Taille de la tumeur, propagation sur le site de la tumeur primitive
T0	T0			Enumerated	String	C24	OSIRIS:T_TNM		TumorPathologyEvent	T	T	Taille de la tumeur, propagation sur le site de la tumeur primitive
T1	T1			Enumerated	String	C24	OSIRIS:T_TNM		TumorPathologyEvent	T	T	Taille de la tumeur, propagation sur le site de la tumeur primitive
T1a	T1a			Enumerated	String	C24	OSIRIS:T_TNM		TumorPathologyEvent	T	T	Taille de la tumeur, propagation sur le site de la tumeur primitive
T1b	T1b			Enumerated	String	C24	OSIRIS:T_TNM		TumorPathologyEvent	T	T	Taille de la tumeur, propagation sur le site de la tumeur primitive
T1c	T1c			Enumerated	String	C24	OSIRIS:T_TNM		TumorPathologyEvent	T	T	Taille de la tumeur, propagation sur le site de la tumeur primitive
T2	T2			Enumerated	String	C24	OSIRIS:T_TNM		TumorPathologyEvent	T	T	Taille de la tumeur, propagation sur le site de la tumeur primitive
T3	T3			Enumerated	String	C24	OSIRIS:T_TNM		TumorPathologyEvent	T	T	Taille de la tumeur, propagation sur le site de la tumeur primitive
T4	T4			Enumerated	String	C24	OSIRIS:T_TNM		TumorPathologyEvent	T	T	Taille de la tumeur, propagation sur le site de la tumeur primitive
T4a	T4a			Enumerated	String	C24	OSIRIS:T_TNM		TumorPathologyEvent	T	T	Taille de la tumeur, propagation sur le site de la tumeur primitive
T4b	T4b			Enumerated	String	C24	OSIRIS:T_TNM		TumorPathologyEvent	T	T	Taille de la tumeur, propagation sur le site de la tumeur primitive
T4c	T4c			Enumerated	String	C24	OSIRIS:T_TNM		TumorPathologyEvent	T	T	Taille de la tumeur, propagation sur le site de la tumeur primitive
T4d	T4d			Enumerated	String	C24	OSIRIS:T_TNM		TumorPathologyEvent	T	T	Taille de la tumeur, propagation sur le site de la tumeur primitive
Nx	Nx			Enumerated	String	C25	OSIRIS:N_TNM		TumorPathologyEvent	N	N	Propagation au niveau ganglionnaire
N0	N0			Enumerated	String	C25	OSIRIS:N_TNM		TumorPathologyEvent	N	N	Propagation au niveau ganglionnaire
N1mi	N1mi			Enumerated	String	C25	OSIRIS:N_TNM		TumorPathologyEvent	N	N	Propagation au niveau ganglionnaire
N1	N1			Enumerated	String	C25	OSIRIS:N_TNM		TumorPathologyEvent	N	N	Propagation au niveau ganglionnaire
N2	N2			Enumerated	String	C25	OSIRIS:N_TNM		TumorPathologyEvent	N	N	Propagation au niveau ganglionnaire
N3	N3			Enumerated	String	C25	OSIRIS:N_TNM		TumorPathologyEvent	N	N	Propagation au niveau ganglionnaire
Mx	Mx			Enumerated	String	C26	OSIRIS:M_TNM		TumorPathologyEvent	M	M	Propagation à distance, présence de métastases
M0	M0			Enumerated	String	C26	OSIRIS:M_TNM		TumorPathologyEvent	M	M	Propagation à distance, présence de métastases
M1	M1			Enumerated	String	C26	OSIRIS:M_TNM		TumorPathologyEvent	M	M	Propagation à distance, présence de métastases
UICC TNM Classification 7th edition	UICC TNM Classification 7th edition			Enumerated	String	C27	OSIRIS:TNMVersion		TumorPathologyEvent	TNMVersion	Version du TNM	Version de la classification TNM
c	Clinique			Enumerated	String	C28	OSIRIS:TNMType		TumorPathologyEvent	TNMType	Type de TNM	Type de TNM (clinique, Pathologique, etc…)
p	Pathologique			Enumerated	String	C28	OSIRIS:TNMType		TumorPathologyEvent	TNMType	Type de TNM	Type de TNM (clinique, Pathologique, etc…)
y	Après traitement neoadjuvant			Enumerated	String	C28	OSIRIS:TNMType		TumorPathologyEvent	TNMType	Type de TNM	Type de TNM (clinique, Pathologique, etc…)
u	Radiologique			Enumerated	String	C28	OSIRIS:TNMType		TumorPathologyEvent	TNMType	Type de TNM	Type de TNM (clinique, Pathologique, etc…)
						C29			TumorPathologyEvent	HistologicalGradeType	HistologicalGradeType	Liste des échelles de grading histologique
						C30			TumorPathologyEvent	HistologicalGradeValue	HistologicalGradeValue	Valeur du grade histologique
						C31			TumorPathologyEvent	StadeType	StadeType	Liste des échelles de stade
						C32			TumorPathologyEvent	StadeValue	StadeValue	Valeur du stade
				nonEnumerated	Date	C33			TumorPathologyEvent	DiagnosisDate	Date du diagnostic	Date du diagnostic de l'événement tumoral
ICD-O-3-TOPO	cf. ICD-O-3-TOPO	CIM-O-3 Topo	http://codes.iarc.fr/topography	Enumerated	String	C34	CIM-O-3 Topo		TumorPathologyEvent	TopographyCode	Code Localisation	Code international de la localisation de l'événement tumoral
ICD-O-3-MORPHO	cf. ICD-O-3-MORPHO	CIM-O-3 Morpho	http://codes.iarc.fr/codegroup/2	Enumerated	String	C35	CIM-O-3 Morpho		TumorPathologyEvent	MorphologyCode	Code Morphologie / Lésion	Code international de la lésion / type histologique / morphologie de l'événement tumoral
UMLS:C0238767	Bilateral	UMLS		Enumerated	String	C36	OSIRIS:Laterality		TumorPathologyEvent	Laterality	Latéralité	Latéralité de la localisation (si elle existe)
UMLS:C0205091	Left	UMLS		Enumerated	String	C36	OSIRIS:Laterality		TumorPathologyEvent	Laterality	Latéralité	Latéralité de la localisation (si elle existe)
UMLS:C2939193	Median (qualifier value)	UMLS		Enumerated	String	C36	OSIRIS:Laterality		TumorPathologyEvent	Laterality	Latéralité	Latéralité de la localisation (si elle existe)
UMLS:C1272460	Not Applicable	UMLS		Enumerated	String	C36	OSIRIS:Laterality		TumorPathologyEvent	Laterality	Latéralité	Latéralité de la localisation (si elle existe)
UMLS:C0205090	Right	UMLS		Enumerated	String	C36	OSIRIS:Laterality		TumorPathologyEvent	Laterality	Latéralité	Latéralité de la localisation (si elle existe)
UMLS:C0439673	Unknown	UMLS		Enumerated	String	C36	OSIRIS:Laterality		TumorPathologyEvent	Laterality	Latéralité	Latéralité de la localisation (si elle existe)
						C37			Analysis	Type	Type d'examen	Type de l'examen
						C38			Analysis	AnalysisDate	Date d'examen	Date de l'examen
						C39			Biomarker	BiomarkerCode	Code du marqueur	Nom du marqueur
						C40			Biomarker	BiomarkerStatus	Statut du marqueur	Statut de marqueur
UMLS:C3665472	Chemotherapy	UMLS		Enumerated	String	C41	OSIRIS:TreatmentType		Treatment	Type	Type	Type de traitement
UMLS:C0279025	Hormone Therapy	UMLS		Enumerated	String	C41	OSIRIS:TreatmentType		Treatment	Type	Type	Type de traitement
UMLS:C1522449	Therapeutic radiology procedure	UMLS		Enumerated	String	C41	OSIRIS:TreatmentType		Treatment	Type	Type	Type de traitement
UMLS:C0728940	Surgery	UMLS		Enumerated	String	C41	OSIRIS:TreatmentType		Treatment	Type	Type	Type de traitement
CCAM	cf. CCAM	CCAM	http://www.ameli.fr/accueil-de-la-ccam/index.php	Enumerated	String	C42	CCAM		Treatment	ActivityCode	Acte	Code CCAM de l'acte
				nonEnumerated	Date	C43			Treatment	StartDate	Date de début	Date de début du traitement
				nonEnumerated	Date	C44			Treatment	EndDate	Date de fin	Date de fin du traitement
				nonEnumerated	Boolean	C45			Treatment	ClinicalTrialContext	Clinical trial (Yes | No)	Traitement effectué dans un contexte d'étude clinique
R0	Marges macroscopiquement et microscopiquement saines			Enumerated	String	C46	OSIRIS:SurgeryResection		Treatment (Type=Surgery)	ResectionQuality	Qualité de la résection (anapath)	Qualité de la résection (anapath)
R1	Marges macroscopiquement saines mais microscopiquement envahies			Enumerated	String	C46	OSIRIS:SurgeryResection		Treatment (Type=Surgery)	ResectionQuality	Qualité de la résection (anapath)	Qualité de la résection (anapath)
R2	Marges macroscopiquement et microscopiquement envahies			Enumerated	String	C46	OSIRIS:SurgeryResection		Treatment (Type=Surgery)	ResectionQuality	Qualité de la résection (anapath)	Qualité de la résection (anapath)
				Enumerated	String	C47			Treatment (Type=Surgery)	Nature	Nature de la chirurgie	Nature de la chirurgie
				Enumerated	String	C48			AdverseEvent	Code	Code de l'événement indésirable	Code international de l'événement indésirable survenu en cours de traitement (hors autre cancer).
				nonEnumerated	Date	C49			AdverseEvent	Date	Date de l'événement indésirable	Date du diagnostic de l'événement indésirable
				nonEnumerated	Date	C50			AdverseEvent	EndDate	Date de fin	Date de fin de l'événement indésirable (si elle est connue)
ATC	cf. ATC	ATC 5e niveau		Enumerated	String	C51	ATC 5e niveau		Drug	Code	Code molécule	Code de la classification thérapeutique
ATC	cf. ATC	ATC 5e niveau		Enumerated	String	C52	ATC 5e niveau		Drug	DrugName	Nom de la molécule	Nom de la molécule
MIABIS-39	cf. MIABIS-39	MIABIS-39	https://github.com/MIABIS/miabis/wiki/Data-describing-Sample	nonEnumerated	String	C53	MIABIS-39		BiologicalSample	SampleId	Id unique de l'échantillon	Identifiant du prélèvement (père) dans le centre
MIABIS-40	cf. MIABIS-40	MIABIS-40	https://github.com/MIABIS/miabis/wiki/Data-describing-Sample	nonEnumerated	String	C54	MIABIS-40		BiologicalSample	ParentSampleId	Identifiant unique de l'échantillon parent	Identifiant de l'échantillon dérivé (ADN, ARN, protéine,...)
				nonEnumerated	String	C55			BiologicalSample	ParentSampleRef	Référence du prélèvement	
MIABIS-43	cf. MIABIS-43	MIABIS-43	https://github.com/MIABIS/miabis/wiki/Data-describing-Sample	nonEnumerated	Date	C56	MIABIS-43		BiologicalSample	CollectDate	Date du prélèvement	Date du prélèvement
ICD-O-3-TOPO	cf. ICD-O-3-TOPO	CIM-O-3 Topo	http://codes.iarc.fr/topography	Enumerated	String	C57	CIM-O-3 Topo		BiologicalSample	TopographyCode	Code Localisation	Code de la localisation tumorale
MIABIS-41	cf. MIABIS-41	MIABIS-41/MIABIS-2.0-14	https://github.com/MIABIS/miabis/wiki/Structured-data-and-lists#material-type	Enumerated	String	C58	MIABIS-41		BiologicalSample	SampleNature	Nature de l'échantillon	La nature du contenu
MIABIS-41	cf. MIABIS-41	MIABIS-41/MIABIS-2.0-14	https://github.com/MIABIS/miabis/wiki/Structured-data-and-lists#material-type	Enumerated	String	C59	MIABIS-41		BiologicalSample	SampleOrigin	Nature du prélèvement (tumoral / sain)	Le type de dérivé
MIABIS-43	cf. MIABIS-43	MIABIS-43/MIABIS-2.0-15	https://github.com/MIABIS/miabis/wiki/Structured-data-and-lists#miabis-20-15	Enumerated	String	C60	MIABIS-43		BiologicalSample	StorageTemperature	Mode de conservation	Le mode de conservation
				nonEnumerated	Integer	C61			BiologicalSample	TumorCellularity	% de cellules tumorales	Le pourcentage de cellules tumorales quantifié dans l'échantillon
												
												
								comments				
				nonEnumerated	String	O3			Specimen	SpecimenId	SpecimenId	Genetic sample or derived product identifier
OSIRIS:O6-1	ChIP-on-Chip	OSIRIS		Enumerated	String	O6	OSIRIS:TechnicalProtocol		Technology	TechnicalProtocol	TechnicalProtocol	Protocol used for the experiment
OSIRIS:O6-2	ChIP-seq	OSIRIS		Enumerated	String	O6	OSIRIS:TechnicalProtocol		Technology	TechnicalProtocol	TechnicalProtocol	Protocol used for the experiment
OSIRIS:O6-3	DNA microarray	OSIRIS		Enumerated	String	O6	OSIRIS:TechnicalProtocol		Technology	TechnicalProtocol	TechnicalProtocol	Protocol used for the experiment
OSIRIS:O6-4	DNA targeted panel sequencing	OSIRIS		Enumerated	String	O6	OSIRIS:TechnicalProtocol		Technology	TechnicalProtocol	TechnicalProtocol	Protocol used for the experiment
OSIRIS:O6-5	Exome sequencing	OSIRIS		Enumerated	String	O6	OSIRIS:TechnicalProtocol		Technology	TechnicalProtocol	TechnicalProtocol	Protocol used for the experiment
OSIRIS:O6-6	Mass spectrometry	OSIRIS		Enumerated	String	O6	OSIRIS:TechnicalProtocol		Technology	TechnicalProtocol	TechnicalProtocol	Protocol used for the experiment
OSIRIS:O6-7	MeDIP-Chip	OSIRIS		Enumerated	String	O6	OSIRIS:TechnicalProtocol		Technology	TechnicalProtocol	TechnicalProtocol	Protocol used for the experiment
OSIRIS:O6-8	MeDIP-seq	OSIRIS		Enumerated	String	O6	OSIRIS:TechnicalProtocol		Technology	TechnicalProtocol	TechnicalProtocol	Protocol used for the experiment
OSIRIS:O6-9	Methylation microarray	OSIRIS		Enumerated	String	O6	OSIRIS:TechnicalProtocol		Technology	TechnicalProtocol	TechnicalProtocol	Protocol used for the experiment
OSIRIS:O6-10	RNA microarray	OSIRIS		Enumerated	String	O6	OSIRIS:TechnicalProtocol		Technology	TechnicalProtocol	TechnicalProtocol	Protocol used for the experiment
OSIRIS:O6-11	RNA targeted panel sequencing	OSIRIS		Enumerated	String	O6	OSIRIS:TechnicalProtocol		Technology	TechnicalProtocol	TechnicalProtocol	Protocol used for the experiment
OSIRIS:O6-12	RNA-seq	OSIRIS		Enumerated	String	O6	OSIRIS:TechnicalProtocol		Technology	TechnicalProtocol	TechnicalProtocol	Protocol used for the experiment
OSIRIS:O6-13	RPPA	OSIRIS		Enumerated	String	O6	OSIRIS:TechnicalProtocol		Technology	TechnicalProtocol	TechnicalProtocol	Protocol used for the experiment
OSIRIS:O6-14	Whole genome bisulfite sequencing	OSIRIS		Enumerated	String	O6	OSIRIS:TechnicalProtocol		Technology	TechnicalProtocol	TechnicalProtocol	Protocol used for the experiment
OSIRIS:O6-15	Whole genome sequencing	OSIRIS		Enumerated	String	O6	OSIRIS:TechnicalProtocol		Technology	TechnicalProtocol	TechnicalProtocol	Protocol used for the experiment
OSIRIS:O6-16	miRNA microarray	OSIRIS		Enumerated	String	O6	OSIRIS:TechnicalProtocol		Technology	TechnicalProtocol	TechnicalProtocol	Protocol used for the experiment
		OSIRIS		Enumerated	String	O7	OSIRIS:PlatformName		Technology	PlatformName	PlatformName	Technological platform name (provider followed by the platform name)
		OSIRIS		nonEnumerated	String	O8	OSIRIS:PlatformAccession		Technology	PlatformAccession	PlatformAccession	GEO Identifier of the platform
		OSIRIS		nonEnumerated	Date	O9	OSIRIS:DateOfExperiment		Technology	DateOfExperiment	DateOfExperiment	Date when the experiment was performed
OSIRIS:O10-0	Not applicable	OSIRIS		Enumerated	String	O10	OSIRIS:PanelName		Panel	PanelName	PanelName	Name of the panel targeted by the experimental analysis (provider + name)
OSIRIS:O10-1	Ion AmpliSeq Cancer Hotspot Panel v2	OSIRIS		Enumerated	String	O10	OSIRIS:PanelName		Panel	PanelName	PanelName	Name of the panel targeted by the experimental analysis (provider + name)
OSIRIS:O10-2	Ion AmpliSeq Colon and Lung Cancer Research Panel v2	OSIRIS		Enumerated	String	O10	OSIRIS:PanelName		Panel	PanelName	PanelName	Name of the panel targeted by the experimental analysis (provider + name)
OSIRIS:O10-3	Ion AmpliSeq Comprehensive Cancer Panel	OSIRIS		Enumerated	String	O10	OSIRIS:PanelName		Panel	PanelName	PanelName	Name of the panel targeted by the experimental analysis (provider + name)
OSIRIS:O10-4	Ion AmpliSeq Oncomine Comprehensive Assay	OSIRIS		Enumerated	String	O10	OSIRIS:PanelName		Panel	PanelName	PanelName	Name of the panel targeted by the experimental analysis (provider + name)
OSIRIS:O10-5	Ion AmpliSeq Oncomine Focus Assay	OSIRIS		Enumerated	String	O10	OSIRIS:PanelName		Panel	PanelName	PanelName	Name of the panel targeted by the experimental analysis (provider + name)
OSIRIS:O10-6	Ion AmpliSeq TP53 Research Panel	OSIRIS		Enumerated	String	O10	OSIRIS:PanelName		Panel	PanelName	PanelName	Name of the panel targeted by the experimental analysis (provider + name)
OSIRIS:O10-7	Lyric: Ion AmpliSeq Profiler	OSIRIS		Enumerated	String	O10	OSIRIS:PanelName		Panel	PanelName	PanelName	Name of the panel targeted by the experimental analysis (provider + name)
OSIRIS:O10-8	QIAGEN GeneRead DNAseq Targeted Panels V2	OSIRIS		Enumerated	String	O10	OSIRIS:PanelName		Panel	PanelName	PanelName	Name of the panel targeted by the experimental analysis (provider + name)
OSIRIS:O10-9	SAFIR02 Panel	OSIRIS		Enumerated	String	O10	OSIRIS:PanelName		Panel	PanelName	PanelName	Name of the panel targeted by the experimental analysis (provider + name)
		OSIRIS		nonEnumerated	String	O11	OSIRIS:AnalyticPipelineCode		AnalysisProcess	AnalyticPipelineCode	AnalyticPipelineCode	Identifier of the pipeline used into the analysis (unique in the center)
		OSIRIS		nonEnumerated	Integer	O12	OSIRIS:AlgorithmicCellularity		Experiment on specimen	AlgorithmicCellularity	AlgorithmicCellularity	Calculated percentage of tumor cells in sample
OSIRIS:O13-1	Haploid	OSIRIS		Enumerated	String	O13	OSIRIS:AlgorithmicPloïdy		Experiment on specimen	AlgorithmicPloïdy	AlgorithmicPloïdy	Calculated number of sets of chromosomes in a cell of the sample
OSIRIS:O13-2	Diploid	OSIRIS		Enumerated	String	O13	OSIRIS:AlgorithmicPloïdy		Experiment on specimen	AlgorithmicPloïdy	AlgorithmicPloïdy	Calculated number of sets of chromosomes in a cell of the sample
OSIRIS:O13-3	Triploid	OSIRIS		Enumerated	String	O13	OSIRIS:AlgorithmicPloïdy		Experiment on specimen	AlgorithmicPloïdy	AlgorithmicPloïdy	Calculated number of sets of chromosomes in a cell of the sample
OSIRIS:O13-4	Tetraploid	OSIRIS		Enumerated	String	O13	OSIRIS:AlgorithmicPloïdy		Experiment on specimen	AlgorithmicPloïdy	AlgorithmicPloïdy	Calculated number of sets of chromosomes in a cell of the sample
OSIRIS:O13-0	Not available	OSIRIS		Enumerated	String	O13	OSIRIS:AlgorithmicPloïdy		Experiment on specimen	AlgorithmicPloïdy	AlgorithmicPloïdy	Calculated number of sets of chromosomes in a cell of the sample
		OSIRIS		nonEnumerated	Integer	O14	OSIRIS:NumberOfBreakPoints		Experiment on specimen/CpyNb Quality filter	NumberOfBreakPoints	NumberOfBreakPoints	Calculated number of break points in genomic profile
OSIRIS:O15-1	Gene expression	OSIRIS		Enumerated	String	O15	OSIRIS:AlterationType		Alteration	AlterationType	AlterationType	General type of the detected genetic alteration (high level type)
OSIRIS:O15-2	Protein expression	OSIRIS		Enumerated	String	O15	OSIRIS:AlterationType		Alteration	AlterationType	AlterationType	General type of the detected genetic alteration (high level type)
OSIRIS:O15-3	Fusion	OSIRIS		Enumerated	String	O15	OSIRIS:AlterationType		Alteration	AlterationType	AlterationType	General type of the detected genetic alteration (high level type)
OSIRIS:O15-4	Copy number variation	OSIRIS		Enumerated	String	O15	OSIRIS:AlterationType		Alteration	AlterationType	AlterationType	General type of the detected genetic alteration (high level type)
OSIRIS:O15-5	Genetic variant	OSIRIS		Enumerated	String	O15	OSIRIS:AlterationType		Alteration	AlterationType	AlterationType	General type of the detected genetic alteration (high level type)
OSIRIS:O15-6	Structural alteration	OSIRIS		Enumerated	String	O15	OSIRIS:AlterationType		Alteration	AlterationType	AlterationType	General type of the detected genetic alteration (high level type)
OSIRIS:O15-7	Transcription factor	OSIRIS		Enumerated	String	O15	OSIRIS:AlterationType		Alteration	AlterationType	AlterationType	General type of the detected genetic alteration (high level type)
OSIRIS:O15-8	Histone marks	OSIRIS		Enumerated	String	O15	OSIRIS:AlterationType		Alteration	AlterationType	AlterationType	General type of the detected genetic alteration (high level type)
OSIRIS:O15-9	Transcript isoform	OSIRIS		Enumerated	String	O15	OSIRIS:AlterationType		Alteration	AlterationType	AlterationType	General type of the detected genetic alteration (high level type)
OSIRIS:O15-10	Viral insertion site	OSIRIS		Enumerated	String	O15	OSIRIS:AlterationType		Alteration	AlterationType	AlterationType	General type of the detected genetic alteration (high level type)
OSIRIS:O15-11	Experimental	OSIRIS		Enumerated	String	O16	OSIRIS:ValidationType		Alteration	ValidationType	ValidationType	Type of validation of the detected alteration
OSIRIS:O15-12	By biologist	OSIRIS		Enumerated	String	O16	OSIRIS:ValidationType		Alteration	ValidationType	ValidationType	Type of validation of the detected alteration
OSIRIS:O15-13	In silico	OSIRIS		Enumerated	String	O16	OSIRIS:ValidationType		Alteration	ValidationType	ValidationType	Type of validation of the detected alteration
		OSIRIS		nonEnumerated	String	O17	OSIRIS:ValidationMethod		Validation	ValidationMethod	ValidationMethod	Validation method depending on the type of validation
OSIRIS:O18-1	Not Validated	OSIRIS		Enumerated	String	O18	OSIRIS:ValidationStatus		Validation	ValidationStatus	ValidationStatus	Validation status of the detected alteration
OSIRIS:O18-2	Validated	OSIRIS		Enumerated	String	O18	OSIRIS:ValidationStatus		Validation	ValidationStatus	ValidationStatus	Validation status of the detected alteration
LA21254-0	chr1	OSIRIS	http://r.details.loinc.org/AnswerList/LL2938-0.html	Enumerated	String	O19	OSIRIS:Chromosome		Alteration	Chromosome	Chromosome	Chromosome containing the genetic finding
LA21255-7	chr2	OSIRIS	http://r.details.loinc.org/AnswerList/LL2938-0.html	Enumerated	String	O19	OSIRIS:Chromosome		Alteration	Chromosome	Chromosome	Chromosome containing the genetic finding
LA21256-5	chr3	OSIRIS	http://r.details.loinc.org/AnswerList/LL2938-0.html	Enumerated	String	O19	OSIRIS:Chromosome		Alteration	Chromosome	Chromosome	Chromosome containing the genetic finding
LA21257-3	chr4	OSIRIS	http://r.details.loinc.org/AnswerList/LL2938-0.html	Enumerated	String	O19	OSIRIS:Chromosome		Alteration	Chromosome	Chromosome	Chromosome containing the genetic finding
LA21258-1	chr5	OSIRIS	http://r.details.loinc.org/AnswerList/LL2938-0.html	Enumerated	String	O19	OSIRIS:Chromosome		Alteration	Chromosome	Chromosome	Chromosome containing the genetic finding
LA21259-9	chr6	OSIRIS	http://r.details.loinc.org/AnswerList/LL2938-0.html	Enumerated	String	O19	OSIRIS:Chromosome		Alteration	Chromosome	Chromosome	Chromosome containing the genetic finding
LA21260-7	chr7	OSIRIS	http://r.details.loinc.org/AnswerList/LL2938-0.html	Enumerated	String	O19	OSIRIS:Chromosome		Alteration	Chromosome	Chromosome	Chromosome containing the genetic finding
LA21261-5	chr8	OSIRIS	http://r.details.loinc.org/AnswerList/LL2938-0.html	Enumerated	String	O19	OSIRIS:Chromosome		Alteration	Chromosome	Chromosome	Chromosome containing the genetic finding
LA21262-3	chr9	OSIRIS	http://r.details.loinc.org/AnswerList/LL2938-0.html	Enumerated	String	O19	OSIRIS:Chromosome		Alteration	Chromosome	Chromosome	Chromosome containing the genetic finding
LA21263-1	chr10	OSIRIS	http://r.details.loinc.org/AnswerList/LL2938-0.html	Enumerated	String	O19	OSIRIS:Chromosome		Alteration	Chromosome	Chromosome	Chromosome containing the genetic finding
LA21264-9	chr11	OSIRIS	http://r.details.loinc.org/AnswerList/LL2938-0.html	Enumerated	String	O19	OSIRIS:Chromosome		Alteration	Chromosome	Chromosome	Chromosome containing the genetic finding
LA21265-6	chr12	OSIRIS	http://r.details.loinc.org/AnswerList/LL2938-0.html	Enumerated	String	O19	OSIRIS:Chromosome		Alteration	Chromosome	Chromosome	Chromosome containing the genetic finding
LA21266-4	chr13	OSIRIS	http://r.details.loinc.org/AnswerList/LL2938-0.html	Enumerated	String	O19	OSIRIS:Chromosome		Alteration	Chromosome	Chromosome	Chromosome containing the genetic finding
LA21267-2	chr14	OSIRIS	http://r.details.loinc.org/AnswerList/LL2938-0.html	Enumerated	String	O19	OSIRIS:Chromosome		Alteration	Chromosome	Chromosome	Chromosome containing the genetic finding
LA21268-0	chr15	OSIRIS	http://r.details.loinc.org/AnswerList/LL2938-0.html	Enumerated	String	O19	OSIRIS:Chromosome		Alteration	Chromosome	Chromosome	Chromosome containing the genetic finding
LA21269-8	chr16	OSIRIS	http://r.details.loinc.org/AnswerList/LL2938-0.html	Enumerated	String	O19	OSIRIS:Chromosome		Alteration	Chromosome	Chromosome	Chromosome containing the genetic finding
LA21270-6	chr17	OSIRIS	http://r.details.loinc.org/AnswerList/LL2938-0.html	Enumerated	String	O19	OSIRIS:Chromosome		Alteration	Chromosome	Chromosome	Chromosome containing the genetic finding
LA21271-4	chr18	OSIRIS	http://r.details.loinc.org/AnswerList/LL2938-0.html	Enumerated	String	O19	OSIRIS:Chromosome		Alteration	Chromosome	Chromosome	Chromosome containing the genetic finding
LA21272-2	chr19	OSIRIS	http://r.details.loinc.org/AnswerList/LL2938-0.html	Enumerated	String	O19	OSIRIS:Chromosome		Alteration	Chromosome	Chromosome	Chromosome containing the genetic finding
LA21273-0	chr20	OSIRIS	http://r.details.loinc.org/AnswerList/LL2938-0.html	Enumerated	String	O19	OSIRIS:Chromosome		Alteration	Chromosome	Chromosome	Chromosome containing the genetic finding
LA21274-8	chr21	OSIRIS	http://r.details.loinc.org/AnswerList/LL2938-0.html	Enumerated	String	O19	OSIRIS:Chromosome		Alteration	Chromosome	Chromosome	Chromosome containing the genetic finding
LA21275-5	chr22	OSIRIS	http://r.details.loinc.org/AnswerList/LL2938-0.html	Enumerated	String	O19	OSIRIS:Chromosome		Alteration	Chromosome	Chromosome	Chromosome containing the genetic finding
LA21276-3	chrX	OSIRIS	http://r.details.loinc.org/AnswerList/LL2938-0.html	Enumerated	String	O19	OSIRIS:Chromosome		Alteration	Chromosome	Chromosome	Chromosome containing the genetic finding
LA21277-1	chrY	OSIRIS	http://r.details.loinc.org/AnswerList/LL2938-0.html	Enumerated	String	O19	OSIRIS:Chromosome		Alteration	Chromosome	Chromosome	Chromosome containing the genetic finding
OSIRIS:O19-1	MT	OSIRIS		Enumerated	String	O19	OSIRIS:Chromosome		Alteration	Chromosome	Chromosome	Chromosome containing the genetic finding
OSIRIS:O19-2	viral	OSIRIS		Enumerated	String	O19	OSIRIS:Chromosome		Alteration	Chromosome	Chromosome	Chromosome containing the genetic finding
OSIRIS:O19-3	bacterial	OSIRIS		Enumerated	String	O19	OSIRIS:Chromosome		Alteration	Chromosome	Chromosome	Chromosome containing the genetic finding
		FHIR (HL7)	http://hl7.org/fhir/extension-geneticsgenomicstart.html	nonEnumerated	Integer	O20	FHIR:extension-geneticsGenomicStart	Pb 0/1 based	Alteration	GenomicStart	GenomicStart	Nucleotide location for start of genomic finding on the positive (+) genomics strand, 1-based
		FHIR (HL7)	http://hl7.org/fhir/extension-geneticsgenomicstop.html	nonEnumerated	Integer	O21	FHIR:extension-geneticsGenomicStop	Pb 0/1 based	Alteration	GenomicStop	GenomicStop	Exclusive 0-based nucleotide position for end of genomic finding on the positive (+) genomic strand. <===> Nucleotide location for end of genomic finding on the positive (+) genomic strand, 1-based
OSIRIS:O22-1	GRCh37	FHIR (HL7)	https://www.hl7.org/fhir/extension-geneticsgenomebuild.html	Enumerated	String	O22	FHIR:extension-geneticsGenomeBuild		Alteration	GenomeBuild	GenomeBuild	Genome Build used for reference
OSIRIS:O22-2	GRCh38	FHIR (HL7)	https://www.hl7.org/fhir/extension-geneticsgenomebuild.html	Enumerated	String	O22	FHIR:extension-geneticsGenomeBuild		Alteration	GenomeBuild	GenomeBuild	Genome Build used for reference
UCSC cytoband	UCSC cytoband	UCSC	http://hgdownload.cse.ucsc.edu/goldenPath/hg19/database/cytoBand.txt.gz	nonEnumerated	String	O23	UCSC		Alteration	Cytoband	Cytoband	Cytogenetic location
OSIRIS:O24-1	gene	OSIRIS		Enumerated	String	O24	OSIRIS:GenomeEntityType		Genome entity	GenomeEntityType	GenomeEntityType	Type of the genome entity. For eg: gene, mRNA, ncRNA...
OSIRIS:O24-2	miRNA	OSIRIS		Enumerated	String	O24	OSIRIS:GenomeEntityType		Genome entity	GenomeEntityType	GenomeEntityType	Type of the genome entity. For eg: gene, mRNA, ncRNA...
OSIRIS:O24-3	piRNA	OSIRIS		Enumerated	String	O24	OSIRIS:GenomeEntityType		Genome entity	GenomeEntityType	GenomeEntityType	Type of the genome entity. For eg: gene, mRNA, ncRNA...
OSIRIS:O24-4	mRNA	OSIRIS		Enumerated	String	O24	OSIRIS:GenomeEntityType		Genome entity	GenomeEntityType	GenomeEntityType	Type of the genome entity. For eg: gene, mRNA, ncRNA...
OSIRIS:O24-5	ncRNA	OSIRIS		Enumerated	String	O24	OSIRIS:GenomeEntityType		Genome entity	GenomeEntityType	GenomeEntityType	Type of the genome entity. For eg: gene, mRNA, ncRNA...
OSIRIS:O24-6	ORF	OSIRIS		Enumerated	String	O24	OSIRIS:GenomeEntityType		Genome entity	GenomeEntityType	GenomeEntityType	Type of the genome entity. For eg: gene, mRNA, ncRNA...
OSIRIS:O25-1	HGNC	OSIRIS		Enumerated	String	O25	OSIRIS:GenomeEntityDatabase		Genome entity	GenomeEntityDatabase	GenomeEntityDatabase	Database of the genome entity
OSIRIS:O25-2	miRDB	OSIRIS		Enumerated	String	O25	OSIRIS:GenomeEntityDatabase		Genome entity	GenomeEntityDatabase	GenomeEntityDatabase	Database of the genome entity
OSIRIS:O25-3	Entrez	OSIRIS		Enumerated	String	O25	OSIRIS:GenomeEntityDatabase		Genome entity	GenomeEntityDatabase	GenomeEntityDatabase	Database of the genome entity
		FHIR	http://hl7.org/fhir/2016May/extension-observation-geneticsgene.html	nonEnumerated	String	O26	FHIR:extension-observation-geneticsGene		Genome entity	GenomeEntityId	GenomeEntityId	Identifier of the genome entity in the genome entity database
HGNC ID	HGNC Approved Symbol	LOINC	http://www.genenames.org/	nonEnumerated	String	O27	LOINC:48018-6		Genome entity	GeneSymbol	GeneSymbol	Hugo gene symbol
LA26331-1	translocation	LOINC	http://r.details.loinc.org/LOINC/81289-1.html	Enumerated	String	O28	OSIRIS:FusionType		Fusion	FusionType	FusionType	Type of the fusion event. For eg: translocation, readthrough
OSIRIS:O28-1	readthrough	OSIRIS		Enumerated	String	O28	OSIRIS:FusionType		Fusion	FusionType	FusionType	Type of the fusion event. For eg: translocation, readthrough
		OSIRIS		nonEnumerated	Boolean	O29	OSIRIS:FusionTranscript		Fusion	FusionTranscript	FusionTranscript	Have been found from a fusion transcript ?
		OSIRIS		nonEnumerated	String	O30	OSIRIS:FusionTranscriptReference		Fusion	FusionTranscriptReference	FusionTranscriptReference	Accession number of observed fusion
		LOINC	http://www.genenames.org/	nonEnumerated	String	O31	LOINC:48018-6		Fusion	FusionGeneSymbol5prime	FusionGeneSymbol5prime	Gene symbol (HUGO) of the gene involved in the fusion on 5 prime end
		FHIR	http://hl7.org/fhir/2016May/extension-observation-geneticsdnaregionname.html	nonEnumerated	String	O32	FHIR:extension-observation-geneticsDNARegionName		Fusion	FusionRegionName5prime	FusionRegionName5prime	Human readable name for the region of interest from the 5 prime fusion partner. For eg : Exon, Intron
		FHIR	http://hl7.org/fhir/2016May/extension-observation-geneticstranscriptreferencesequenceid.html	nonEnumerated	String	O33	FHIR:extension-observation-geneticsTranscriptReferenceSequenceId		Fusion	FusionTranscriptReferenceSequenceId5prime	FusionTranscriptReferenceSequenceId5prime	Reference identifier for cDNA transcript of the 5 prime fusion partner, with version, from NCBI's RefSeq or ENSEMBL.
OSIRIS:O34-1	+	OSIRIS		Enumerated	String	O34	OSIRIS:FusionStrand5prime		Fusion	FusionStrand5prime	FusionStrand5prime	Strand of the 5 prime fusion partner
OSIRIS:O34-2	-	OSIRIS		Enumerated	String	O34	OSIRIS:FusionStrand5prime		Fusion	FusionStrand5prime	FusionStrand5prime	Strand of the 5 prime fusion partner
		OSIRIS		nonEnumerated	String	O35	OSIRIS:FusionPoint5prime		Fusion	FusionPoint5prime	FusionPoint5prime	Position of the fusion point on the 5 prime partner
		LOINC	http://www.genenames.org/	nonEnumerated	String	O36	LOINC:48018-6		Fusion	FusionGeneSymbol3prime	FusionGeneSymbol3prime	Gene symbol (HUGO) of the gene involved in the fusion on 3 prime end
		FHIR	http://hl7.org/fhir/2016May/extension-observation-geneticsdnaregionname.html	nonEnumerated	String	O37	FHIR:extension-observation-geneticsDNARegionName		Fusion	FusionRegionName3prime	FusionRegionName3prime	Human readable name for the region of interest from the 3 prime fusion partner. For eg : Exon, Intron
		FHIR	http://hl7.org/fhir/2016May/extension-observation-geneticstranscriptreferencesequenceid.html	nonEnumerated	String	O38	FHIR:extension-observation-geneticsTranscriptReferenceSequenceId		Fusion	FusionTranscriptReferenceSequenceId3prime	FusionTranscriptReferenceSequenceId3prime	Reference identifier for cDNA transcript of the 3 prime fusion partner, with version, from NCBI's RefSeq or ENSEMBL.
OSIRIS:O34-1	+	OSIRIS		Enumerated	String	O39	OSIRIS:FusionStrand3prime		Fusion	FusionStrand3prime	FusionStrand3prime	Strand of the 3 prime fusion partner
OSIRIS:O34-2	-	OSIRIS		Enumerated	String	O39	OSIRIS:FusionStrand5prime		Fusion	FusionStrand5prime	FusionStrand5prime	Strand of the 5 prime fusion partner
		OSIRIS		nonEnumerated	Integer	O40	OSIRIS:FusionPoint3prime		Fusion	FusionPoint3prime	FusionPoint3prime	Position of the fusion point on the 3 prime partner
		OSIRIS		nonEnumerated	Boolean	O41	OSIRIS:FusionInFrame		Fusion	FusionInFrame	FusionInFrame	Specify whether the fusion is in frame
OSIRIS:O42-1	ChimerDb	OSIRIS		Enumerated	String	O42	OSIRIS:FusionAnnotationReferentiel		Fusion Analysis	FusionAnnotationReferentiel	FusionAnnotationReferentiel	Reference database to annotate the fusion
OSIRIS:O42-2	Oncofuse	OSIRIS		Enumerated	String	O42	OSIRIS:FusionAnnotationReferentiel		Fusion Analysis	FusionAnnotationReferentiel	FusionAnnotationReferentiel	Reference database to annotate the fusion
OSIRIS:O42-3	Mittelman DB	OSIRIS		Enumerated	String	O42	OSIRIS:FusionAnnotationReferentiel		Fusion Analysis	FusionAnnotationReferentiel	FusionAnnotationReferentiel	Reference database to annotate the fusion
		OSIRIS		nonEnumerated	String	O43	OSIRIS:FusionAnnotationValue		Fusion Analysis	FusionAnnotationValue	FusionAnnotationValue	Annotation of the fusion
		OSIRIS		nonEnumerated	Integer	O44	OSIRIS:FusionNbSpanningPair		Fusion/QualityFilter	FusionNbSpanningPair	FusionNbSpanningPair	Number of reads pairs spanning the fusion
		OSIRIS		nonEnumerated	Integer	O46	OSIRIS:FusionNbSplitReads		Fusion/QualityFilter	FusionNbSplitReads	FusionNbSplitReads	Number of reads containing the fusion point
		OSIRIS		nonEnumerated	Float	O47	OSIRIS:SegmentIntensity		Segment copy number	SegmentIntensity	SegmentIntensity	Intensity of the measured signal
OSIRIS:O49-1	Amplification	OSIRIS		Enumerated	String	O49	OSIRIS:SegmentGenomicStatus		Segment copy number	SegmentGenomicStatus	SegmentGenomicStatus	Copy number status
OSIRIS:O49-2	Gain	OSIRIS		Enumerated	String	O49	OSIRIS:SegmentGenomicStatus		Segment copy number	SegmentGenomicStatus	SegmentGenomicStatus	Copy number status
OSIRIS:O49-3	Normal	OSIRIS		Enumerated	String	O49	OSIRIS:SegmentGenomicStatus		Segment copy number	SegmentGenomicStatus	SegmentGenomicStatus	Copy number status
OSIRIS:O49-4	Heretozygous deletion	OSIRIS		Enumerated	String	O49	OSIRIS:SegmentGenomicStatus		Segment copy number	SegmentGenomicStatus	SegmentGenomicStatus	Copy number status
OSIRIS:O49-5	Homozygous deletion	OSIRIS		Enumerated	String	O49	OSIRIS:SegmentGenomicStatus		Segment copy number	SegmentGenomicStatus	SegmentGenomicStatus	Copy number status
OSIRIS:O49-6	Copy neutral	OSIRIS		Enumerated	String	O49	OSIRIS:SegmentGenomicStatus		Segment copy number	SegmentGenomicStatus	SegmentGenomicStatus	Copy number status
OSIRIS:O49-7	Isodisomy	OSIRIS		Enumerated	String	O49	OSIRIS:SegmentGenomicStatus		Segment copy number	SegmentGenomicStatus	SegmentGenomicStatus	Copy number status
		OSIRIS		nonEnumerated	Integer	O50	OSIRIS:CopyNumber		Segment copy number	CopyNumber	CopyNumber	Estimated DNA copy number
		OSIRIS		nonEnumerated	Boolean	O51	OSIRIS:LossOfHeterozygosity		Segment LOH	LossOfHeterozygosity	LossOfHeterozygosity	Is the segment located in a region of loss of heterozygosity ? (can be independant from copy number information
		FHIR	https://www.hl7.org/fhir/2016Jan/sequence-definitions.html#Sequence.referenceAllele	nonEnumerated	String	O53	FHIR:Sequence.referenceAllele		Reference variant	ReferenceAllele	ReferenceAllele	Plus strand reference allele at this position. Include the sequence deleted for a deletion, or '-' for an insertion.
		FHIR	https://www.hl7.org/fhir/2016Jan/sequence-definitions.html#Sequence.observedAllele	nonEnumerated	String	O54	FHIR:Sequence.observedAllele		Reference variant	AlternativeAllele	AlternativeAllele	Plus strand observed alternative allele at this position. Include the sequence inserted for a insertion, or '-' for a deletion.
LA6692-3	Deletion	LOINC	http://r.details.loinc.org/LOINC/48019-4.html	Enumerated	String	O55	LOINC:48019-4		Reference variant	DNASequenceVariationType	DNASequenceVariationType	Codified type of the DNA sequence variation
LA6686-5	Duplication	LOINC	http://r.details.loinc.org/LOINC/48019-4.html	Enumerated	String	O55	LOINC:48019-4		Reference variant	DNASequenceVariationType	DNASequenceVariationType	Codified type of the DNA sequence variation
LA6687-3	Insertion	LOINC	http://r.details.loinc.org/LOINC/48019-4.html	Enumerated	String	O55	LOINC:48019-4		Reference variant	DNASequenceVariationType	DNASequenceVariationType	Codified type of the DNA sequence variation
LA6689-9	Inversion	LOINC	http://r.details.loinc.org/LOINC/48019-4.html	Enumerated	String	O55	LOINC:48019-4		Reference variant	DNASequenceVariationType	DNASequenceVariationType	Codified type of the DNA sequence variation
LA6690-7	Substitution	LOINC	http://r.details.loinc.org/LOINC/48019-4.html	Enumerated	String	O55	LOINC:48019-4		Reference variant	DNASequenceVariationType	DNASequenceVariationType	Codified type of the DNA sequence variation
		OSIRIS		Enumerated	String	O56	OSIRIS:VariationDatabase		Reference variant	VariationDatabase	VariationDatabase	Name of the variation database
		OSIRIS		nonEnumerated	String	O57	OSIRIS:VariationId		Reference variant	VariationId	VariationId	Identifier for variant in the variation database
		OSIRIS		nonEnumerated	String	O58	OSIRIS:PfamDomain		Reference variant	PfamDomain	PfamDomain	Pfams domains related to alteration position
		OSIRIS		nonEnumerated	String	O59	OSIRIS:PfamId		Reference variant	PfamId	PfamId	Identifier of Pfams domains related to alteration position
OSIRIS:O63-1	SIFT	OSIRIS		Enumerated	String	O63	OSIRIS:MutationPredictionAlgorithm		Reference variant	MutationPredictionAlgorithm	MutationPredictionAlgorithm	Algorithm to predict the variation effect over the protein
OSIRIS:O63-2	POLYPHEN2_HDIV	OSIRIS		Enumerated	String	O63	OSIRIS:MutationPredictionAlgorithm		Reference variant	MutationPredictionAlgorithm	MutationPredictionAlgorithm	Algorithm to predict the variation effect over the protein
		OSIRIS		nonEnumerated	String	O64	OSIRIS:MutationPredictionValue		Reference variant	MutationPredictionValue	MutationPredictionValue	Prediction of the variation effect over the protein
		OSIRIS		nonEnumerated	Float	O65	OSIRIS:MutationPredictionScore		Reference variant	MutationPredictionScore	MutationPredictionScore	Level of confidence of the prediction of the variation effect over the protein
		FHIR	http://hl7.org/fhir/2016May/extension-observation-geneticsdnaregionname.html	nonEnumerated	String	O66	FHIR:extension-observation-geneticsDNARegionName		Reference variant	DNARegionName	DNARegionName	Human readable name for the region of interest related to the transcript (eg: exon1, intron1, UTR3')
OSIRIS:O67-1	RefSeq	OSIRIS		Enumerated	String	O67	OSIRIS:ProteinReferenceDatabase		Protein	ProteinReferenceDatabase	ProteinReferenceDatabase	Name of the protein reference database
OSIRIS:O67-2	SwissProt	OSIRIS		Enumerated	String	O67	OSIRIS:ProteinReferenceDatabase		Protein	ProteinReferenceDatabase	ProteinReferenceDatabase	Name of the protein reference database
OSIRIS:O67-3	UniProt	OSIRIS		Enumerated	String	O67	OSIRIS:ProteinReferenceDatabase		Protein	ProteinReferenceDatabase	ProteinReferenceDatabase	Name of the protein reference database
		FHIR	http://hl7.org/fhir/2016May/extension-observation-geneticsproteinreferencesequenceid.html	nonEnumerated	String	O68	FHIR:extension-observation-geneticsProteinReferenceSequenceId		Protein	ProteinReferenceSequenceId	ProteinReferenceSequenceId	Reference identifier of the protein transcript
OSIRIS:O69-1	RefSeq	OSIRIS		Enumerated	String	O69	OSIRIS:TranscriptReferenceDatabase		Exonic variant	TranscriptReferenceDatabase	TranscriptReferenceDatabase	Name of the sequence reference database
OSIRIS:O69-2	Ensembl	OSIRIS		Enumerated	String	O69	OSIRIS:TranscriptReferenceDatabase		Exonic variant	TranscriptReferenceDatabase	TranscriptReferenceDatabase	Name of the sequence reference database
		FHIR	http://hl7.org/fhir/2016May/extension-observation-geneticstranscriptreferencesequenceid.html	nonEnumerated	String	O70	FHIR:extension-observation-geneticsTranscriptReferenceSequenceId		Exonic variant	TranscriptReferenceSequenceId	TranscriptReferenceSequenceId	Reference identifier of the transcript
		FHIR	http://hl7.org/fhir/2016May/extension-observation-geneticsdnasequencevariation.html	nonEnumerated	String	O71	FHIR:extension-observation-geneticsDNASequenceVariation		Exonic variant	DNASequenceVariation	DNASequenceVariation	HGVS nomenclature on the chosen transcript
		FHIR	http://hl7.org/fhir/2016May/extension-observation-geneticsaminoacidchange.html	nonEnumerated	String	O72	FHIR:extension-observation-geneticsAminoAcidChange		Exonic variant	AminoAcidChange	AminoAcidChange	HGVS nomenclature on the chosen protein transcript
		OSIRIS		nonEnumerated	String	O73	OSIRIS:GenomicSequenceVariation		Exonic variant	GenomicSequenceVariation	GenomicSequenceVariation	HGVS nomenclature on the given GenomeReferenceSequenceId.
		OSIRIS		nonEnumerated	String	O74	OSIRIS:RNASequenceVariation		Exonic variant	RNASequenceVariation	RNASequenceVariation	HGVS nomenclature on the given TranscriptReferenceSequenceId and experimentely observed on RNA.
LA6692-3	Deletion	LOINC	http://r.details.loinc.org/LOINC/48006-1.html	Enumerated	String	O75	OSIRIS:AminoAcidChangeType		Exonic variant	AminoAcidChangeType	AminoAcidChangeType	HGVS nomenclature of changes at protein-level
LA6686-5	Duplication	LOINC	http://r.details.loinc.org/LOINC/48006-1.html	Enumerated	String	O75	OSIRIS:AminoAcidChangeType		Exonic variant	AminoAcidChangeType	AminoAcidChangeType	HGVS nomenclature of changes at protein-level
LA6694-9	Frameshift	LOINC	http://r.details.loinc.org/LOINC/48006-1.html	Enumerated	String	O75	OSIRIS:AminoAcidChangeType		Exonic variant	AminoAcidChangeType	AminoAcidChangeType	HGVS nomenclature of changes at protein-level
LA6695-6	Initiating Methionine	LOINC	http://r.details.loinc.org/LOINC/48006-1.html	Enumerated	String	O75	OSIRIS:AminoAcidChangeType		Exonic variant	AminoAcidChangeType	AminoAcidChangeType	HGVS nomenclature of changes at protein-level
LA6687-3	Insertion	LOINC	http://r.details.loinc.org/LOINC/48006-1.html	Enumerated	String	O75	OSIRIS:AminoAcidChangeType		Exonic variant	AminoAcidChangeType	AminoAcidChangeType	HGVS nomenclature of changes at protein-level
LA9659-9	Insertion and Deletion	LOINC	http://r.details.loinc.org/LOINC/48006-1.html	Enumerated	String	O75	OSIRIS:AminoAcidChangeType		Exonic variant	AminoAcidChangeType	AminoAcidChangeType	HGVS nomenclature of changes at protein-level
LA6698-0	Missense	LOINC	http://r.details.loinc.org/LOINC/48006-1.html	Enumerated	String	O75	OSIRIS:AminoAcidChangeType		Exonic variant	AminoAcidChangeType	AminoAcidChangeType	HGVS nomenclature of changes at protein-level
LA6699-8	Nonsense	LOINC	http://r.details.loinc.org/LOINC/48006-1.html	Enumerated	String	O75	OSIRIS:AminoAcidChangeType		Exonic variant	AminoAcidChangeType	AminoAcidChangeType	HGVS nomenclature of changes at protein-level
LA6700-4	Silent	LOINC	http://r.details.loinc.org/LOINC/48006-1.html	Enumerated	String	O75	OSIRIS:AminoAcidChangeType		Exonic variant	AminoAcidChangeType	AminoAcidChangeType	HGVS nomenclature of changes at protein-level
LA6701-2	Stop Codon Mutation	LOINC	http://r.details.loinc.org/LOINC/48006-1.html	Enumerated	String	O75	OSIRIS:AminoAcidChangeType		Exonic variant	AminoAcidChangeType	AminoAcidChangeType	HGVS nomenclature of changes at protein-level
OSIRIS:O75-1	In frame	OSIRIS		Enumerated	String	O75	OSIRIS:AminoAcidChangeType	certaines valeurs à vérifier pour concordance entre loinc et OSIRIS	Exonic variant	AminoAcidChangeType	AminoAcidChangeType	HGVS nomenclature of changes at protein-level
		OSIRIS		nonEnumerated	Integer	O76	OSIRIS:PositionCoverage		Variant in specimen	PositionCoverage	PositionCoverage	Total coverage at the variant position observed in the specimen
		OSIRIS		nonEnumerated	Integer	O77	OSIRIS:VariantCoverage		Variant in specimen	VariantCoverage	VariantCoverage	Coverage of the alternative allele at the variant position observed in the specimen
		OSIRIS		nonEnumerated	Boolean	O78	OSIRIS:StrandBias		Variant in specimen	StrandBias	StrandBias	Indication of the existence of strand bias at the variant position
LA6683-2	Germline	LOINC	http://s.details.loinc.org/LOINC/48002-0.html	Enumerated	String	O79	LOINC:LL378-1		Variant in specimen	GenomicSourceClass	GenomicSourceClass	Genomic class of the variant (eg: germline, somatic, and prenatal)
LA6684-0	Somatic	LOINC	http://s.details.loinc.org/LOINC/48002-0.html	Enumerated	String	O79	LOINC:LL378-1		Variant in specimen	GenomicSourceClass	GenomicSourceClass	Genomic class of the variant (eg: germline, somatic, and prenatal)
LA10429-1	Prenatal	LOINC	http://s.details.loinc.org/LOINC/48002-0.html	Enumerated	String	O79	LOINC:LL378-1		Variant in specimen	GenomicSourceClass	GenomicSourceClass	Genomic class of the variant (eg: germline, somatic, and prenatal)
LA18197-6	Unknown genomic origin	LOINC	http://s.details.loinc.org/LOINC/48002-0.html	Enumerated	String	O79	LOINC:LL378-1		Variant in specimen	GenomicSourceClass	GenomicSourceClass	Genomic class of the variant (eg: germline, somatic, and prenatal)
LA6703-8	Heteroplasmic	LOINC	http://s.details.loinc.org/LOINC/53034-5.html	Enumerated	String	O80	LOINC:LL381-5		Variant in specimen	AllelicState	AllelicState	Level of allelic occurrence of a DNA Sequence Variation
LA6704-6	Homoplasmic	LOINC	http://s.details.loinc.org/LOINC/53034-5.html	Enumerated	String	O80	LOINC:LL381-5		Variant in specimen	AllelicState	AllelicState	Level of allelic occurrence of a DNA Sequence Variation
LA6705-3	Homozygous	LOINC	http://s.details.loinc.org/LOINC/53034-5.html	Enumerated	String	O80	LOINC:LL381-5		Variant in specimen	AllelicState	AllelicState	Level of allelic occurrence of a DNA Sequence Variation
LA6706-1	Heterozygous	LOINC	http://s.details.loinc.org/LOINC/53034-5.html	Enumerated	String	O80	LOINC:LL381-5		Variant in specimen	AllelicState	AllelicState	Level of allelic occurrence of a DNA Sequence Variation
LA6707-9	Hemizygous	LOINC	http://s.details.loinc.org/LOINC/53034-5.html	Enumerated	String	O80	LOINC:LL381-5		Variant in specimen	AllelicState	AllelicState	Level of allelic occurrence of a DNA Sequence Variation
OSIRIS:O81-1	Pathogenic	ACMG		Enumerated	String	O81	ACMG		Variant in specimen	MolecularTumorBoardConclusion	MolecularTumorBoardConclusion	Conclusion of the biologist on the pathogenicity of the variant before the Molecular Tumor Board
OSIRIS:O81-2	Likely pathogenic	ACMG		Enumerated	String	O81	ACMG		Variant in specimen	MolecularTumorBoardConclusion	MolecularTumorBoardConclusion	Conclusion of the biologist on the pathogenicity of the variant before the Molecular Tumor Board
OSIRIS:O81-3	Benign	ACMG		Enumerated	String	O81	ACMG		Variant in specimen	MolecularTumorBoardConclusion	MolecularTumorBoardConclusion	Conclusion of the biologist on the pathogenicity of the variant before the Molecular Tumor Board
OSIRIS:O81-4	Likely benign	ACMG		Enumerated	String	O81	ACMG		Variant in specimen	MolecularTumorBoardConclusion	MolecularTumorBoardConclusion	Conclusion of the biologist on the pathogenicity of the variant before the Molecular Tumor Board
OSIRIS:O81-5	Uncertain significance	ACMG		Enumerated	String	O81	ACMG		Variant in specimen	MolecularTumorBoardConclusion	MolecularTumorBoardConclusion	Conclusion of the biologist on the pathogenicity of the variant before the Molecular Tumor Board
OSIRIS:O82-1	Actionable	OSIRIS		Enumerated	String	O82	OBI		Variant in specimen	ClinicalTumorBoardConclusion	ClinicalTumorBoardConclusion	Conclusion of the clinicians wether the variant is actionable or not during the Molecular Tumor Board
OSIRIS:O82-2	Non actionable	OSIRIS		Enumerated	String	O82	OBI		Variant in specimen	ClinicalTumorBoardConclusion	ClinicalTumorBoardConclusion	Conclusion of the clinicians wether the variant is actionable or not during the Molecular Tumor Board
		OSIRIS		nonEnumerated	Boolean	O83	OBI		Variant in specimen	ProposedForOrientation	ProposedForOrientation	Is the ClinicalTumorBoardConclusion used to orient the treatment decision ?
OSIRIS:O84-1	RawExpression	OSIRIS		Enumerated	String	O84	OSIRIS:ExpressionDataType		Gene expression	ExpressionDataType	ExpressionDataType	Type of the expression value corresponding to the level of data processing
OSIRIS:O84-2	NormalizedExpression	OSIRIS		Enumerated	String	O84	OSIRIS:ExpressionDataType		Gene expression	ExpressionDataType	ExpressionDataType	Type of the expression value corresponding to the level of data processing
		OSIRIS		nonEnumerated	Float	O85	OSIRIS:ExpressionValue		Gene expression	ExpressionValue	ExpressionValue	Numerical value for expression
		OSIRIS		nonEnumerated	Float	O86	OSIRIS:ExpressionPvalueAdjustmentMethod		Gene expression	ExpressionPvalue	ExpressionPvalue	p-value of the dataset comparison through a statistical method
OSIRIS:O87-0	no correction	OSIRIS		Enumerated	String	O87	OSIRIS:ExpressionPvalueAdjustmentMethod		Gene expression	ExpressionPvalueAdjustmentMethod	ExpressionPvalueAdjustmentMethod	Method used to adjust the nominal value of the p-value when multiple tests are performed in parallel
OSIRIS:O87-1	bonferroni	OSIRIS		Enumerated	String	O87	OSIRIS:ExpressionPvalueAdjustmentMethod		Gene expression	ExpressionPvalueAdjustmentMethod	ExpressionPvalueAdjustmentMethod	Method used to adjust the nominal value of the p-value when multiple tests are performed in parallel
OSIRIS:O87-2	holm	OSIRIS		Enumerated	String	O87	OSIRIS:ExpressionPvalueAdjustmentMethod		Gene expression	ExpressionPvalueAdjustmentMethod	ExpressionPvalueAdjustmentMethod	Method used to adjust the nominal value of the p-value when multiple tests are performed in parallel
OSIRIS:O87-3	hochberg	OSIRIS		Enumerated	String	O87	OSIRIS:ExpressionPvalueAdjustmentMethod		Gene expression	ExpressionPvalueAdjustmentMethod	ExpressionPvalueAdjustmentMethod	Method used to adjust the nominal value of the p-value when multiple tests are performed in parallel
OSIRIS:O87-4	hommel	OSIRIS		Enumerated	String	O87	OSIRIS:ExpressionPvalueAdjustmentMethod		Gene expression	ExpressionPvalueAdjustmentMethod	ExpressionPvalueAdjustmentMethod	Method used to adjust the nominal value of the p-value when multiple tests are performed in parallel
OSIRIS:O87-5	BY	OSIRIS		Enumerated	String	O87	OSIRIS:ExpressionPvalueAdjustmentMethod		Gene expression	ExpressionPvalueAdjustmentMethod	ExpressionPvalueAdjustmentMethod	Method used to adjust the nominal value of the p-value when multiple tests are performed in parallel
OSIRIS:O87-6	BH	OSIRIS		Enumerated	String	O87	OSIRIS:ExpressionPvalueAdjustmentMethod		Gene expression	ExpressionPvalueAdjustmentMethod	ExpressionPvalueAdjustmentMethod	Method used to adjust the nominal value of the p-value when multiple tests are performed in parallel
OSIRIS:O87-7	fdr	OSIRIS		Enumerated	String	O87	OSIRIS:ExpressionPvalueAdjustmentMethod		Gene expression	ExpressionPvalueAdjustmentMethod	ExpressionPvalueAdjustmentMethod	Method used to adjust the nominal value of the p-value when multiple tests are performed in parallel