ObjectClass	ObjectProperty	DataElementConcept	ObjectPropertyLabelEN	ObjectPropertyLabelFR	ConceptualDomain	FormatConceptualDomain	ConceptualDomainRef	Required	DataElementConceptDefFR	DataElementConceptDefEN	IdDataElementConcept	Examples
Patient	Id	Patient_Id	Patient Id	Id du patient		String		mandatory	Identifiant du patient dans le centre transmetteur de l'information	Patient ID in the center providing the information	C1	SHIVA_01-001
Patient	Gender	Patient_Gender	Gender	Sexe du patient	FHIR:AdministrativeGender	String		mandatory	Sexe du patient	Gender of the patient	C2	
Patient	Ethnicity	Patient_Ethnicity	Ethnicity	Ethnicité	FHIR:Race	String		optional	Origine ethnique du patient	Ethnicity of the patient	C3	
Patient	BirthDate	Patient_BirthDate	Birth Date	Date de naissance		Date		mandatory	Date de naissance du patient	Date of birth of the patient	C4	YYYY-MM-DD
Patient	DeathDate	Patient_DeathDate	Death Date	Date de décès		Date		optional	Date de décès du patient	Date of death of the patient	C5	YYYY-MM-DD
Patient	ProviderCenterId	Patient_ProviderCenterId	Provider  Center  Id	Id du Centre fournisseur de données		String		mandatory	Identifiant du centre transmetteur de l'information (code FINESS)	Center ID of the center providing the information	C6	
Patient	OriginCenterId	Patient_OriginCenterId	Origin  Center  Id	Id du Centre d'origine du patient		String		mandatory	Identifiant du centre d'origine du patient	Center ID of the center of origin of the patient	C71	
Patient	CauseOfDeath	Patient_CauseOfDeath	Cause of death	Cause de décès	UMLS:C0007465	String		mandatory if DeathDate is set	Descriptif de la cause de décès du patient	Description of the cause of death of the patient 	C7	
Patient	LastNewsDate	Patient_LastNewsDate	Last News Date	Date de dernières nouvelles		Date		mandatory	Date de dernières nouvelles du patient (= date de dernière venue du patient si aucune autre information disponible) (le jour est fixé au 15)	Date of last news (= date of last patient visit if there is no other information available) (day is set to the 15th)	C8	
Patient	LastNewsStatus	Patient_LastNewsStatus	Last News Status	Etat aux dernières nouvelles	OSIRIS:LastNewsStatus	String		mandatory	Indicateur de l'état du patient aux dernières nouvelles (Vivant ou décédé)	Indicator of the patient's last known vital status (alive or deceased)	C9	
Consent	Date	Consent_Date	Date	Date de signature du consentement		Date		mandatory	Date de signature du consentement	Date of consent signature	C72	
Consent	GeneticAnalysisAuthorization	Consent_GeneticAnalysisAuthorization	Genetic Analysis Authorization	Autorisation pour des analyses génétiques	OSIRIS:Boolean	String		mandatory	Autorisation pour des analyses génétiques	Consent for genetic analysis	C79	
RelatedPathology	PathologyCode	RelatedPathology_PathologyCode	Pathology Code	Code	ICD10	String		mandatory if ObjectClass is set	Code international de la pathologie associée (hors autre cancer). 3 caractères.	International code for the related disease (other than cancer). 3 characters.	C13	E11
RelatedPathology	DiagnosisDate	RelatedPathology_DiagnosisDate	Diagnosis Date	Date		Date		mandatory if ObjectClass is set	Date du diagnostic de la pathologie associée	Date of diagnosis for the related disease.	C14	
RelatedPathology	PathologyEndDate	RelatedPathology_PathologyEndDate	Pathology End Date	Date de fin		Date		optional	Date de fin de la pathologie associée (si elle existe et est connue).	Date of the end of the related disease (if occuring and known)	C15	
FamilyCancerHistory	TopographyCode	FamilyCancerHistory_TopographyCode	Topography Code	Code Localisation	ICDO3:Topography	String		mandatory if ObjectClass is set	Code international de la localisation de l'antécédent carcinologique	International code for the localization of the oncologic primary site	C17	
FamilyCancerHistory	Parentage	FamilyCancerHistory_Parentage	Parentage	Parentage	OSIRIS:FamilyCancerHistoryParentage	String		mandatory if ObjectClass is set	Lien de parenté	Family relationship	C77	
TumorPathologyEvent	Type	TumorPathologyEvent_Type	Type	Type d'événement	OSIRIS:EventType	String		mandatory	Le champ 'Type' permet de décrire à la fois l'événement 'Cancer' en tant que maladie globale que les différents événements constituant cette maladie (Tumeur initiale, Récidive locale, Récidive métastatique).	The field 'Type' allows to describe the 'Cancer' event as a global disease, as well as the various events constituting this disease (primary tumor, local relapse, metastatic relapse...)	C20	
TumorPathologyEvent	StartDate	TumorPathologyEvent_StartDate	Start Date	Date de début de l'événement		Date		mandatory	Date de début de l'événement tumoral ou de la maladie	Date of start of cancer event or disease	C21	
TumorPathologyEvent	EndDate	TumorPathologyEvent_EndDate	End Date	Date de fin de l'événement		Date		optional	Date de fin de l'événement tumoral ou de la maladie	Date of end of cancer event or disease	C82	
TumorPathologyEvent	PerformanceStatus	TumorPathologyEvent_PerformanceStatus	Performance Status	Echelle d'autonomie / Performance status	OMS:PerformanceStatus	String		optional	Définition de l'échelle d'autonomie (échelle de Karnofsky ou OMS)	Definition of the autonomy scale (Karnofsky scale or OMS)	C22	
TumorPathologyEvent	G8	TumorPathologyEvent_G8	G8 score	Outil de dépistage G8 (score)		Integer		optional	Outil d'évaluation de l'état général des patients âgés ayant un cancer	Tool for the evaluation of the general condition of the patient	C23	
TumorPathologyEvent	HistologicalGradeType	TumorPathologyEvent_HistologicalGradeType	Histological Grade Type	HistologicalGradeType	OSIRIS:HistologicalGradeType	String		optional, mandatory if HistologicalGradeValue is set	Liste des échelles de grading histologique	List of histological grading scales	C29	
TumorPathologyEvent	HistologicalGradeValue	TumorPathologyEvent_HistologicalGradeValue	Histological Grade Value	HistologicalGradeValue	OSIRIS:HistologicalGradeValue	String		optional, mandatory if HistologicalGradeType is set	Valeur du grade histologique	Value of histological grade	C30	
TumorPathologyEvent	StadeType	TumorPathologyEvent_StadeType	Stade Type	StadeType	OSIRIS:StadeType	String		optional, mandatory if StadeValue is set	Liste des échelles de stade	List of stage scales	C31	
TumorPathologyEvent	StadeValue	TumorPathologyEvent_StadeValue	Stade Value	StadeValue	OSIRIS:StadeValue	String		optional, mandatory if StadeType is set	Valeur du stade	Stage value	C32	
TumorPathologyEvent	DiagnosisDate	TumorPathologyEvent_DiagnosisDate	Diagnosis Date	Date du diagnostic		Date		mandatory	Date du diagnostic de l'événement tumoral	Date of diagnosis of the tumor event	C33	
TumorPathologyEvent	TopographyCode	TumorPathologyEvent_TopographyCode	Topography Code	Code Localisation	ICDO3:Topography	String		mandatory	Localisation de la tumeur primaire	Localisation of the primary tumor	C34	
TumorPathologyEvent	MorphologyCode	TumorPathologyEvent_MorphologyCode	Morphology Code	Code Morphologie / Lésion	ICDO3:Morphology	String		mandatory	Code international de la lésion / type histologique / morphologie de l'événement tumoral	International code of lesion / histological type / tumor morphology of the tumoral event	C35	
TumorPathologyEvent	Laterality	TumorPathologyEvent_Laterality	Laterality	Latéralité	OSIRIS:Laterality	String		optional	Latéralité de la localisation (si elle existe)	Laterality of location (if it exists)	C36	
TNM	T	TNM_T	T	T	OSIRIS:T_TNM	String		optional, mandatory if either N, M or TNMType is set	Taille de la tumeur, propagation sur le site de la tumeur primitive	Size of the tumor, propagation the site of the primary tumor	C83	
TNM	N	TNM_N	N	N	OSIRIS:N_TNM	String		optional, mandatory if either T, M or TNMType is set	Propagation au niveau ganglionnaire	Propagation at the ganglion level	C84	
TNM	M	TNM_M	M	M	OSIRIS:M_TNM	String		optional, mandatory if either T, N or TNMType is set	Propagation à distance, présence de métastases	Remote propagation, presence of metastases	C85	
TNM	Version	TNM_Version	TNM Version	Version du TNM	OSIRIS:TNMVersion	String		optional	Version de la classification TNM	TNM classification version	C86	
TNM	Type	TNM_Type	TNM Type	Type de TNM	OSIRIS:TNMType	String		optional, mandatory if either T, N or M is set	c, p, r,...	c, p, r,...	C87	
Analysis	Code	Analysis_Code	Code	Code unique de l'analyse		String		optional	Code de l'analyse	Code of analysis	C70	
Analysis	Type	Analysis_Type	Type	Type d'analyse	OSIRIS:AnalysisType	String		mandatory if ObjectClass is set	Type d'analyse	Type of analysis	C37	
Analysis	Date	Analysis_Date	Date	Date d'analyse		Date		mandatory if ObjectClass is set	Date d'analyse	Date of analysis	C38	
ResponseEvaluation	Date	ResponseEvaluation_Date	Date	Date de l'évaluation de la réponse		Date		mandatory if ObjectClass is set	Date de l'évaluation de la réponse au traitement	Date of assessment of treatment response	C78	
ResponseEvaluation	Status	ResponseEvaluation_Status	Status	Statut de l'évaluation de la réponse	OSIRIS:RECIST	String		mandatory if ObjectClass is set	Evaluation de la réponse au traitement	Assessment of treatment response	C73	
Biomarker	Code	Biomarker_Code	Code	Code du marqueur	OSIRIS:BiomarkerCode	String		mandatory if ObjectClass is set	Nom du biomarqueur	Biomarker name	C39	
Biomarker	Value	Biomarker_Value	Value	Valeur du marqueur		String		mandatory if ObjectClass is set	Valeur du biomarqueur	Biomarker value	C40	
Biomarker	Unit	Biomarker_Unit	Unit	Unité d'expression du marqueur		String		optional	Unité d'expression du biomarqueur	Biomarker unit	C81	
Treatment	Type	Treatment_Type	Type	Type de traitement	OSIRIS:TreatmentType	String		mandatory if ObjectClass is set	Type de traitement	Type of treatment	C41	
Treatment	LineNumber	Treatment_LineNumber	Line Number	Numéro de ligne		String		optional	Ligne de traitement	Line of treatment	C74	
Treatment	ActivityCode	Treatment_ActivityCode	Activity Code	Codification de l'acte	CCAM	String		optional	Code CCAM de l'acte	CCAM code of the medical act	C42	
Treatment	StartDate	Treatment_StartDate	Start Date	Date de début		Date		mandatory if ObjectClass is set	Date de début du traitement	Date of treatment start	C43	
Treatment	EndDate	Treatment_EndDate	End Date	Date de fin		Date		mandatory if ObjectClass is set	Date de fin du traitement	Date of treatment end	C44	
Treatment	ClinicalTrialContext	Treatment_ClinicalTrialContext	Clinical Trial Context	Clinical trial (Yes | No)	OSIRIS:Boolean	String		optional	Traitement effectué dans un contexte d'étude clinique	Treatment performed in a clinical study setting	C45	
Treatment	ClinicalTrialName	Treatment_ClinicalTrialName	Clinical Trial Name	Nom de l'essai clinique		String		optional, mandatory if ClinicalTrialContext is 'Yes'	Nom de l'étude clinique	Name of the clinical study	C75	
Treatment	ClinicalTrialId	Treatment_ClinicalTrialId	Clinical Trial Id	Identifiant de l'essai clinique		String		optional, mandatory if ClinicalTrialContext is 'Yes'	Identifiant NCT de l'étude clinique	NCT identifier of the clinical study	C76	
Treatment	SurgeryResectionQuality	Treatment_SurgeryResectionQuality	Surgery Resection Quality	Qualité de la résection (anapath)	OSIRIS:SurgeryResectionQuality	String		optional	Qualité de la résection (anapath)	Quality of resection (anapath)	C46	
Treatment	SurgeryNature	Treatment_SurgeryNature	Surgery Nature	Nature de la chirurgie		String		optional	Nature de la chirurgie	Nature of the surgery	C47	
AdverseEvent	Code	AdverseEvent_Code	Code	Code de l'événement indésirable	MedDRA_CTCAE-v5.0	String		mandatory if ObjectClass is set	Code international de l'événement indésirable survenu en cours de traitement (hors autre cancer), seulement les 4 premières lettres.	International code of the adverse event occurring during treatment (excluding other cancer), only the first 4 letters.	C48	
AdverseEvent	Date	AdverseEvent_Date	Date	Date de l'événement indésirable		Date		mandatory if ObjectClass is set	Date du diagnostic de l'événement indésirable	Date of the diagnosis of the adverse event	C49	
AdverseEvent	EndDate	AdverseEvent_EndDate	End Date	Date de fin		Date		optional	Date de fin de l'événement indésirable (si elle est connue)	End date of the adverse event (if known)	C50	
AdverseEvent	Grade	AdverseEvent_Grade	Grade	Grade		String		mandatory if ObjectClass is set	Grade de l'évenement indésirable	Grade of the adverse event	C80	
Drug	Code	Drug_Code	Code	Code molécule	ATC	String		mandatory if ObjectClass is set	Code de la classification thérapeutique (5ème niveau si possible)	Therapeutic classification code (5th level if possible)	C51	
Drug	Name	Drug_Name	Name	Nom de la molécule		String		mandatory if ObjectClass is set	Nom de la molécule	Name of the molecule	C52	
BiologicalSample	ExternalAccession	BiologicalSample_ExternalAccession	Sample External Accession	Id unique de l'échantillon		String		mandatory if ObjectClass is set	Identifiant unique de l'échantillon	Unique identifier of the sample	C53	
BiologicalSample	ParentExternalAccession	BiologicalSample_ParentExternalAccession	Parent sample External Accession	Identifiant unique de l'échantillon parent		String		optional	Identifiant unique de l'échantillon parent (s'il en existe un, exemple N°histo)	Unique identifier of the parent sample (if there is one, example histo#)	C54	
BiologicalSample	CollectDate	BiologicalSample_CollectDate	Collect Date	Date du prélèvement		Date		mandatory if ObjectClass is set	Date du prélèvement	Date of sampling	C56	
BiologicalSample	TopographyCode	BiologicalSample_TopographyCode	Topography Code	Code Localisation	ICDO3:Topography	String		mandatory if ObjectClass is set	Code de la localisation tumorale	Code of tumor localization	C57	
BiologicalSample	Nature	BiologicalSample_Nature	Nature	Nature de l'échantillon	OSIRIS:SampleNature	String		mandatory if ObjectClass is set	Nature de l'échantillon	Nature of the sample	C58	
BiologicalSample	Origin	BiologicalSample_Origin	Origin	Nature du prélèvement (tumoral / sain)	OSIRIS:SampleOrigin	String		mandatory if ObjectClass is set	Nature du prélèvement d'origine (Sain ou Tumoral)	Nature of the original sample (Healthy or Tumoral)	C59	
BiologicalSample	StorageTemperature	BiologicalSample_StorageTemperature	Storage Temperature	Mode de conservation	OSIRIS:StorageTemperature	String		optional	Mode de conservation	Mode of preservation	C60	
BiologicalSample	TumorCellularity	BiologicalSample_TumorCellularity	Tumor Cellularity	% de cellules tumorales		Integer		optional	Pourcentage de cellules tumorales quantifié dans l'échantillon	Percentage of tumor cells quantified in the sample	C61	
Technology	TechnicalProtocol	Technology_TechnicalProtocol	Technical Protocol	Technical Protocol	OSIRIS:TechnicalProtocol	String		mandatory	Protocole de l'expérience	Protocol used for the experiment	O6	
Technology	PlatformName	Technology_PlatformName	Platform Name	Platform Name	OSIRIS:PlatformName	String		mandatory	Nom de la plateforme technologique (fournisseur suivi du nom de la plateforme)	Technological platform name (provider followed by the platform name)	O7	Agilent Human CGH 1x1M
Technology	PlatformAccession	Technology_PlatformAccession	Platform Accession	Platform Accession		String		optional	Identifiant GEO de la plateforme	GEO Identifier of the platform	O8	GPL21026
Technology	DateOfExperiment	Technology_DateOfExperiment	Date Of Experiment	Date Of Experiment		Date		optional	Date de l'expérience	Date when the experiment was performed	O9	2018-20-03
Panel	Name	Panel_Name	Name	Name	OSIRIS:PanelName	String		optional	Nom du panel ciblé utilisé (fournisseur suivi du nom du panel)	Name of the panel targeted by the experimental analysis (provider followed by the panel name)	O10	Ion AmpliSeq Cancer Hotspot Panel v2
AnalysisProcess	AnalyticPipelineCode	AnalysisProcess_AnalyticPipelineCode	Analytic Pipeline Code	Analytic Pipeline Code		String		mandatory	Identifiant du pipeline utilisé pour l'analyse (unique dans le centre)	Identifier of the pipeline used into the analysis (unique in the center)	O11	sbd54dsf57s
OmicAnalysis	AlgorithmicCellularity	OmicAnalysis_AlgorithmicCellularity	Algorithmic Cellularity	Algorithmic Cellularity		Integer		optional	Pourcentage de cellules tumorales calculé pour l'échantillon	Calculated percentage of tumor cells in sample	O12	50
OmicAnalysis	AlgorithmicPloidy	OmicAnalysis_AlgorithmicPloidy	Algorithmic Ploidy	Algorithmic Ploidy	OSIRIS:AlgorithmicPloidy	String		optional	Nombre de sets de chromosomes calculé pour une cellules de l'échantillon	Calculated number of sets of chromosomes in a cell of the sample	O13	O13-2
OmicAnalysis	NumberOfBreakPoints	OmicAnalysis_NumberOfBreakPoints	Number Of Break Points	Number Of Break Points		Integer		optional	Nombre de cassures calculé pour un profile génomique	Calculated number of break points in genomic profile	O14	320
AlterationOnSample	AlterationType	AlterationOnSample_AlterationType	Alteration Type	Alteration Type	OSIRIS:AlterationType	String		mandatory	Type général de l'altération génétique (type de haut niveau)	General type of the detected genetic alteration (high level type)	O15	Copy number variation
AlterationOnSample	Pathogenicity	AlterationOnSample_Pathogenicity	Pathogenicity	Pathogenicity	OSIRIS:AlterationOnSample_Pathogenicity	String		optional	Conclusion du biologiste sur la pathogénicité du variant avant la rcpm	Conclusion of the biologist on the pathogenicity of the variant before the Molecular Tumor Board	O81	
AlterationOnSample	Actionability	AlterationOnSample_Actionability	Actionability	Actionability	OSIRIS:AlterationOnSample_Actionability	String		optional	Conclusion du clinicien sur l'actionabilité du variant lors de la rcpm	Conclusion of the clinicians wether the variant is actionable or not during the Molecular Tumor Board	O82	
AlterationOnSample	ProposedForOrientation	AlterationOnSample_ProposedForOrientation	Proposed For Orientation	Proposed For Orientation	OSIRIS:Boolean	String		optional	La conclusion de la RCPM a-t-elle été utilisée pour l'orientation thérapeutique du patient?	Is the ClinicalTumorBoardConclusion used to orient the treatment decision ?	O83	
Validation	Type	Validation_Type	Type	Type	OSIRIS:ValidationType	String		mandatory if ObjectClass is set	Type de validation de l'altération détectée	Type of validation of the detected alteration	O16	Experimental, by biologist
Validation	Method	Validation_Method	Method	Method		String		mandatory if ObjectClass is set	Méthode de validation en fonction du type de validation	Validation method depending on the type of validation	O17	
Validation	Status	Validation_Status	Status	Status	OSIRIS:ValidationStatus	String		mandatory if ObjectClass is set	Status de validation de l'altération détectée	Validation status of the detected alteration	O18	Validated
Alteration	Chromosome	Alteration_Chromosome	Chromosome	Chromosome	OSIRIS:Chromosome	String		mandatory	Chromosome contenant l'altération détectée	Chromosome containing the genetic finding	O19	
Alteration	GenomicStart	Alteration_GenomicStart	Genomic Start	Genomic Start		Integer		mandatory	Localisation du nucléotide de début de l'altération détectée	Nucleotide location for start of genomic finding on the positive (+) genomics strand, 1-based	O20	
Alteration	GenomicStop	Alteration_GenomicStop	Genomic Stop	Genomic Stop		Integer		mandatory	Localisation des nucléotides pour la fin de l'altération génomique sur le brin génomique positif (+), basé sur 1	Nucleotide location for end of genomic finding on the positive (+) genomic strand, 1-based	O21	
Alteration	GenomeBuild	Alteration_GenomeBuild	Genome Build	Genome Build	FHIR:Sequence	String		mandatory	Version du génome utilisée comme référence	Genome Build used for reference	O22	
Alteration	Cytoband	Alteration_Cytoband	Cytoband	Cytoband		String		optional	Localisation cytogénétique	Cytogenetic location	O23	
GenomeEntity	Type	GenomeEntity_Type	Type	Type	OSIRIS:GenomeEntityType	String		mandatory	Type de l'entité du génome. Par exemple: gène, ARNm, ARNnc ..	Type of the genome entity. For eg: gene, mRNA, ncRNA...	O24	
GenomeEntity	Database	GenomeEntity_Database	Database	Database	OSIRIS:GenomeEntityDatabase	String		mandatory	Base de données de l'entité génomique	Database of the genome entity	O25	
GenomeEntity	Id	GenomeEntity_Id	Id	Id		String		mandatory	Identifiant de l'entité génomique dans la base de données d'entités génomiques	Identifier of the genome entity in the genome entity database	O26	
GenomeEntity	Symbol	GenomeEntity_Symbol	Symbol	Symbol		String		mandatory if Gene	Symbole Hugo du gène	Hugo gene symbol	O27	
Fusion	Type	Fusion_Type	Type	Type	OSIRIS:FusionType	String		optional	Type de l'événement de fusion. Par exemple: translocation, readthrough	Type of the fusion event. For eg: translocation, readthrough	O28	
Fusion	Point5prime	Fusion_Point5prime	Point 5 prime	Point 5 prime		Integer		mandatory	Position du point de fusion sur le partenaire en 5 prime	Position of the fusion point on the 5 prime partner	O35	
Fusion	Chromosome5prime	Fusion_Chromosome5prime	Chromosome 5 prime	Chromosome 5 prime	OSIRIS:Chromosome	String		mandatory	Chromosome du point de fusion sur le partenaire en 5 prime		O97	
Fusion	Point3prime	Fusion_Point3prime	Point 3 prime	Point 3 prime		Integer		mandatory	Position du point de fusion sur le partenaire en 3 prime	Position of the fusion point on the 3 prime partner	O40	
Fusion	Chromosome3prime	Fusion_Chromosome3prime	Chromosome 3 prime	Chromosome 3 prime	OSIRIS:Chromosome	String		mandatory	Chromosome du point de fusion sur le partenaire en 3 prime		O98	
Fusion	InFrame	Fusion_InFrame	In Frame	In Frame	OSIRIS:Boolean	String		optional	Indiquez si la fusion est dans le cadre de lecture	Specify whether the fusion is in frame	O41	
Fusion	NbSpanningPair	Fusion_NbSpanningPair	Nb Spanning Pair	Nb Spanning Pair		Integer		mandatory	Nombre de paires de reads couvrant la fusion	Number of reads pairs spanning the fusion	O44	
Fusion	NbSplitReads	Fusion_NbSplitReads	Nb Split Reads	Nb Split Reads		Integer		optional	Nombre de reads contenant le point de fusion	Number of reads containing the fusion point	O46	
CNV	SegmentIntensity	CNV_SegmentIntensity	Segment Intensity	Segment Intensity		Float		mandatory	Intensité du signal mesuré	Intensity of the measured signal	O47	
CNV	SegmentGenomicStatus	CNV_SegmentGenomicStatus	Segment Genomic Status	Segment Genomic Status	OSIRIS:SegmentGenomicStatus	String		mandatory	Status du nombre de copies	Copy number status	O49	
CNV	CopyNumber	CNV_CopyNumber	Copy Number	Copy Number		Integer		optional	Nombre estimé de copies d'ADN	Estimated DNA copy number	O50	
CNV	LOH	CNV_LOH	LOH	LOH	OSIRIS:Boolean	String		optional	Le segment est-il situé dans une région de perte d'hétérozygotie? (peut être indépendant des informations du numéro de copie	Is the segment located in a region of loss of heterozygosity ? (can be independant from copy number information	O51	
CNV	SegmentSize	CNV_SegmentSize	SegmentSize	Taille du segment		Integer		optional	Taille du segment comportant le CNV			
Variant	ReferenceAllele	Variant_ReferenceAllele	Reference Allele	Reference Allele		String		mandatory	Allèle de référence du brin plus à cette position. Incluez la séquence délétée pour une délétion, ou '-' pour une insertion.	Plus strand reference allele at this position. Include the sequence deleted for a deletion, or '-' for an insertion.	O53	
Variant	AlternativeAllele	Variant_AlternativeAllele	Alternative Allele	Alternative Allele		String		mandatory	Allèle alternatif observé du brin plus à cette position. Incluez la séquence délétée pour une délétion, ou '-' pour une insertion.	Plus strand observed alternative allele at this position. Include the sequence inserted for a insertion, or '-' for a deletion.	O54	
Variant	DNASequenceVariationType	Variant_DNASequenceVariationType	DNA Sequence Variation Type	DNA Sequence Variation Type	LOINC:48019-4	String		mandatory	Type codifié de la variation de la séquence d'ADN	Codified type of the DNA sequence variation	O55	
Annotation	ReferenceType	Annotation_ReferenceType	Reference Type	Reference Type	OSIRIS:Annotation_ReferenceType	String		mandatory if DNASequenceVariation is set			O90	
Annotation	ReferenceDatabase	Annotation_ReferenceDatabase	Reference Database	Reference Database	OSIRIS:Annotation_ReferenceDatabase	String		mandatory if DNASequenceVariation is set			O91	
Annotation	ReferenceValue	Annotation_ReferenceValue	Reference Value	Reference Value		String		optional			O92	
Annotation	MutationPredictionAlgorithm	Annotation_MutationPredictionAlgorithm	Mutation Prediction Algorithm	Mutation Prediction Algorithm	OSIRIS:MutationPredictionAlgorithm	String		optional	Algorithme pour prédire l'effet de variation sur la protéine	Algorithm to predict the variation effect over the protein	O63	
Annotation	MutationPredictionValue	Annotation_MutationPredictionValue	Mutation Prediction Value	Mutation Prediction Value		String		optional	Prédiction de l'effet de variation sur la protéine	Prediction of the variation effect over the protein	O64	
Annotation	MutationPredictionScore	Annotation_MutationPredictionScore	Mutation Prediction Score	Mutation Prediction Score		Float		optional	Niveau de confiance de la prédiction de l'effet de variation sur la protéine	Level of confidence of the prediction of the variation effect over the protein	O65	
Annotation	PfamDomain	Annotation_PfamDomain	Pfam Domain	Pfam Domain		String		optional	Domaines Pfams liés à la position d'altération	Pfams domains related to alteration position	O58	
Annotation	PfamId	Annotation_PfamId	Pfam Id	Pfam Id		String		optional	Identifiant des domaines Pfams liés à la position d'altération	Identifier of Pfams domains related to alteration position	O59	
Annotation	DNARegionName	Annotation_DNARegionName	DNA Region Name	DNA Region Name		String		optional	Nom lisible par l'homme de la région d'intérêt liée au transcript (ex: exon1, intron1, UTR3 ')	Human readable name for the region of interest related to the transcript (eg: exon1, intron1, UTR3')	O66	
Annotation	DNASequenceVariation	Annotation_DNASequenceVariation	DNA Sequence Variation	DNA Sequence Variation		String		mandatory	Nomenclature HGVS sur le transcript choisi	HGVS nomenclature on the chosen transcript	O71	c.6964C>T
Annotation	AminoAcidChange	Annotation_AminoAcidChange	Amino Acid Change	Amino Acid Change		String		optional	Nomenclature HGVS sur le transcript de protéine choisi	HGVS nomenclature on the chosen protein transcript	O72	p.Arg2322Cys
Annotation	GenomicSequenceVariation	Annotation_GenomicSequenceVariation	Genomic Sequence Variation	Genomic Sequence Variation		String		optional	Nomenclature HGVS sur le GenomeReferenceSequenceId choisi	HGVS nomenclature on the given GenomeReferenceSequenceId.	O73	g.1567234_1567235insTG
Annotation	RNASequenceVariation	Annotation_RNASequenceVariation	RNA Sequence Variation	RNA Sequence Variation		String		optional	HGVS nomenclature sur le TranscriptReferenceSequenceId choisi et expérimentalement observé sur l'ARN.	HGVS nomenclature on the given TranscriptReferenceSequenceId and experimentely observed on RNA.	O74	r.67g>u
Annotation	AminoAcidChangeType	Annotation_AminoAcidChangeType	Amino Acid Change Type	Amino Acid Change Type	OSIRIS:AminoAcidChangeType	String		optional	Nomenclature des changements au niveau des protéines	nomenclature of changes at protein-level	O75	
Annotation	FusionPrimeEnd	Annotation_FusionPrimeEnd	Fusion Prime End	Fusion Prime End	OSIRIS:Annotation_FusionPrimeEnd	String		optional	Indication du prime end du partenaire de fusion	Prime end of the fusion partner	O93	5prime
Annotation	Strand	Annotation_Strand	Strand	Strand	OSIRIS:Strand	String		optional	Brin	Strand	O94	+
Annotation	OnSplicingSite	Annotation_OnSplicingSite	OnSplicingSite	Sur site d'épissage	OSIRIS:Boolean	String		optional	Indication que la variation est sur un site de splicing	Indicate wether the variant is on a splicing site	O95	
VariantInSample	PositionReadDepth	VariantInSample_PositionReadDepth	Position Read Depth	Position Read Depth		Integer		mandatory	Profondeur totale de séquençage à la position du variant observée dans l'échantillon	Total sequencing depth at the variant position observed in the specimen	O76	
VariantInSample	VariantReadDepth	VariantInSample_VariantReadDepth	Variant Read Depth	Variant Read Depth		Integer		mandatory	Profondeur de séquençage de l'allèle alternatif à la position variant observée dans l'échantillon	Sequencing depth of the alternative allele at the variant position observed in the specimen	O77	
VariantInSample	StrandBias	VariantInSample_StrandBias	Strand Bias	Strand Bias	OSIRIS:Boolean	String		optional	Indication de l'existence d'un biais de brin à la position du variant	Indication of the existence of strand bias at the variant position	O78	
VariantInSample	GenomicSourceClass	VariantInSample_GenomicSourceClass	Genomic Source Class	Genomic Source Class	LOINC:LL378-1	String		mandatory	Classe génomique du variant (par exemple: constitutionel, somatique et prénatal)	Genomic class of the variant (eg: germline, somatic, and prenatal)	O79	Somatic
VariantInSample	AllelicState	VariantInSample_AllelicState	Allelic State	Allelic State	LOINC:LL381-5	String		optional	Niveau d'occurrence allélique d'une variation de séquence d'ADN	Level of allelic occurrence of a DNA Sequence Variation	O80	
GeneExpression	DataType	GeneExpression_DataType	Data Type	Data Type	OSIRIS:ExpressionDataType	String		mandatory	Type de la valeur d'expression correspondant au niveau de traitement des données	Type of the expression value corresponding to the level of data processing	O84	
GeneExpression	Value	GeneExpression_Value	Value	Value		Float		mandatory	Valeur numérique de l'expression	Numerical value for expression	O85	
Study	StudyInstanceUID	Study_StudyInstanceUID	Study Instance UID	Study Instance UID	DICOM	String	dicomTag (0020,000D)	mandatory	Numéro unique permettant d'identifier l'étude.	Unique number to identify the study.	I1	
Study	StudyDescription	Study_StudyDescription	Study description	Study description	DICOM	String	dicomTag (0008,1030) 	mandatory	Description de l'étude.	Description of the study.	I2	
Study	AcquisitionDate	Study_AcquisitionDate	Acquisition date	Acquisition date	DICOM	Date	dicomTag (0008, 0032), (0008, 0022) or dicomTag (0008, 0021), (0008, 0023) or dicomTag (0008, 0031), (0008, 0033)	mandatory	Heure d’acquisition	Time of acquisition	I3	
Study	Location	Study_Location	Location	Location		String	AE title etc ? IP adress port ? PACS CLB ou web server? ou ID Patient?	mandatory	Lieu de stockage de l'étude (PACS, serveur web etc)	Study storage location (PACS, web server etc)	I4	
Study	InstitutionName	Study_InstitutionName	Institution's name	Institution's name	DICOM	String	dicomTag (0008,0080)	optional	Nom de l'organisation ou de l'institution responsable de l'étude	Name of the organization or institution responsible for the study	I5	
Study	ModalitiesInStudy	Study_ModalitiesInStudy	Modalities in study	Modalities in study	DICOM	String	dicomTag (0008,0061)	mandatory	Liste de l'ensemble des modalités utilisées	List of all the modalities used	I6	
Study	NbStudyRelatedSeries	Study_NbStudyRelatedSeries	Number of Study Related Series	Number of Study Related Series	DICOM	Integer	dicomtag(0020,1206)	mandatory	Nombre de séries contenues dans l'étude	Number of series contained in the study	I7	
Equipment	Manufacturer	Equipment_Manufacturer	Manufacturer's name	Manufacturer's name	DICOM	String	dicomTag (0008,0070)	mandatory	Nom du Fabricant	Manufacturer's name	I8	
Equipment	ModelName	Equipment_ModelName	Manufacturer's model name	Manufacturer's model name	DICOM	String	dicomTag (0008,1090)	mandatory	Nom du modèle de l'équipement	Name of the model of the equipment	I9	
Equipment	SoftwareVersion	Equipment_SoftwareVersion	Software version of the equipment	Software version of the equipment	DICOM	String	dicomTag (0018,1020)	mandatory	Version logicielle de l'équipement d'acquisition de la série	Software version of the acquisition equipment of the series	I10	
Series	SeriesNumber	Series_SeriesNumber	Series Number	Series Number	DICOM	String	dicomTag(0020,0011)	mandatory	Numéro utilisateur permettant d'identifier la série	User number to identify the series	I11	
Series	SeriesInstanceUID	Series_SeriesInstanceUID	Series Instance UID	Series Instance UID	DICOM	String	dicomTag (0020,000E)	mandatory	Numéro unique (SUID) de la série référencé dans l'étude de la série	Unique number (SUID) of the series referenced in the series study	I12	
Series	Modality	Series_Modality	Modality	Modality	DICOM	String	dicomTag (0008, 0060)	mandatory	Type d'équipement utilisé permettant l'acquisition des données de la série	Type of equipment used to acquire the series data	I13	
Series	Description	Series_Description	Description	Description	DICOM	String	dicomTag (00E1, 1040), (0008, 103E), (0008, 1030)	mandatory	Description de la série	Description of the series	I14	
Series	BodyPartExamined	Series_BodyPartExamined	Body Part Examined	Body Part Examined	DICOM	Integer	dicomTag (0018,0015)	optional	Partie du corps examinée	Body part examined	I15	
Series	NbSeriesRelatedInstances	Series_NbSeriesRelatedInstances	Number of Series Related Instances	Number of Series Related Instances	DICOM	String	dicomtag (0020,1209)	mandatory	Nombre d'images contenues dans la série	Number of images contained in the series	I16	
Series	AcquisitionDate	Series_AcquisitionDate	Acquisition date	Acquisition date	DICOM	Date	dicomTag (0008,002a) or dicomTag (0008,0032)	mandatory 	Heure d’acquisition	Time of acquisition	I17	
Series	PatientWeight	Series_PatientWeight	Patient Weight	Patient Weight	DICOM	Decimal	dicomTag (0010,1030)	mandatory if PET	Poids du patient en Kgs	Weight of the patient in Kgs	I18	
Series	PatientSize	Series_PatientSize	Patient Size	Patient Size	DICOM	Decimal	DicomTag  (0010,1020)	mandatory if PET	Taille du patient en mètres	Height of the patient in meters	I19	
Injection	Radiopharmaceutical	Injection_Radiopharmaceutical	Radiopharmaceutical	Radiopharmaceutical	DICOM	String	dicomTag (0018,0031)	mandatory if PT	Nom du produit radiopharmaceutique	Name of the radiopharmaceutical	I20	
Injection	ContrastBolusAgent	Injection_ContrastBolusAgent	Contrast/bolus agent	Contrast/bolus agent	DICOM	String	dicomTag (0018,0010)	optional (CT,MR,DX)	Agent de contraste	Contrast agent	I21	
Injection	ContrastBolusStartTime	Injection_ContrastBolusStartTime	Contrast/bolus start time	Contrast/bolus start time	DICOM	Date	dicomTag (0018,1042)	optional (CT,MR,DX)	Heure de début de l'injection	Start time of injection	I22	
Injection	ContrastBolusStopTime	Injection_ContrastBolusStopTime	Contrast/bolus stop time	Contrast/bolus stop time	DICOM	Date	dicomTag (0018,1043)	optional (CT,MR,DX)	Heure de fin de l'injection	End time of injection	I23	
Injection	RadiopharmaceuticalStartTime	Injection_RadiopharmaceuticalStartTime	Radiopharmaceutical start time	Radiopharmaceutical start time	DICOM	Date	dicomTag (0018,1072)	mandatory if PT	Heure réelle d'administration du produit radiopharmaceutique au patient à des fins d'imagerie	Actual time radiopharmaceutical was administered to patient for imaging purposes	I24	
Injection	RadionuclideTotalDose	Injection_RadionuclideTotalDose	Radionuclide total dose	Radionuclide total dose	DICOM	Integer	dicomTag (0018,1074)	mandatory if PT	Dose radiopharmaceutique administrée au patient, mesurée en mégabecquerels (Mbq) à l'heure de début du traitement radiopharmaceutique	Radiopharmaceutical dose to patient measured in megabecquerels (Mbq) at time of radiopharmaceutical start	I25	
CommonImage	SOPInstanceUID	CommonImage_SOPInstanceUID	SOP Instance UID	SOP Instance UID	DICOM	String	dicomtag (0008,0018)	mandatory 	Numéro unique permettant d'identifier l'image	Unique number to identify the image	I26	
CommonImage	SliceThickness	CommonImage_SliceThickness	Slice thickness	Slice thickness	DICOM	String	dicomTag (0018,0050)	mandatory 	Épaisseur nominale de la coupe, en mm	Nominal slice thickness, in mm	I27	
CommonImage	PixelSpacing	CommonImage_PixelSpacing	Pixel spacing	Pixel spacing	DICOM	String	dicomTag (0028,0030)	mandatory 	Distance physique entre les centres de chaque pixel bidimensionnel, spécifiée par deux valeurs numériques	Physical distance between the centers of each two-dimensional pixel, specified by two numerical values	I28	
CommonImage	FieldOfView	CommonImage_FieldOfView	Field of view	Field of view		Integer		optional	Le champ de vue (FOV) est défini comme les dimensions de la région anatomique exacte incluse dans un scan en mm	Field of view (FOV) is defined as the dimensions of the exact anatomical region included in a scan in mm	I29	
CommonImage	Rows	CommonImage_Rows	Rows	Rows	DICOM	Integer	dicomTag (0028,0010)	mandatory 	Nombre de pixels dans la direction de la ligne de la matrice reconstruite	Number of pixels in the line direction of the reconstructed matrix	I30	
CommonImage	Columns	CommonImage_Columns	Columns	Columns	DICOM	Integer	dicomTag (0028,0011)	mandatory 	Nombre de pixels dans la direction de la colonne de la matrice reconstruite	Number of pixels in the column direction of the reconstructed matrix	I31	
MRImage	SequenceName	MRImage_SequenceName	Sequence's name	Sequence's name	DICOM	String	dicomTag (0018,0024)	mandatory 	Type de la séquence d'impulsions	Type of pulse sequence	I32	
MRImage	MagneticFieldStrength	MRImage_MagneticFieldStrength	Magnetic field strength	Magnetic field strength	DICOM	Integer	dicomTag (0018,0087)	mandatory 	Intensité du champ nominale de l'aimant, en Tesla	Nominal field strength of the magnet, in Tesla	I33	
MRImage	MRAcquisitionType	MRImage_MRAcquisitionType	MR acquisition type	MR acquisition type	DICOM	String	dicomTag (0018,0023)	mandatory 	Description du type d'acquisition, notamment le nombre de dimensions	Description of the type of acquisition, including the number of dimensions	I34	
MRImage	RepetitionTime	MRImage_RepetitionTime	Repetition time	Repetition time	DICOM	Decimal	dicomTag (0018,0080)	mandatory 	Temps de répétition en ms	Repetition time in ms	I35	
MRImage	EchoTime	MRImage_EchoTime	EchoTime	EchoTime	DICOM	Decimal	dicomTag (0018,0081)	mandatory 	Temps d’écho en ms	Echo time in ms	I36	
MRImage	ImagingFrequency	MRImage_ImagingFrequency	ImagingFrequency	ImagingFrequency	DICOM	Decimal	dicomTag (0018,0084)	mandatory 	Fréquence de précession en MHz du noyau visé	Precession frequency in MHz of the target nucleus	I37	
MRImage	FlipAngle	MRImage_FlipAngle	FlipAngle	FlipAngle	DICOM	Decimal	DicomTag (0018,0024) or DicomTag (0018,1314)	mandatory 	Angle de bascule de l'impulsion RF en degré ayant un impact sur la pondération T1	Tilt angle of the RF pulse in degrees impacting T1 weighting	I38	
MRImage	InversionTime	MRImage_InversionTime	InversionTime	InversionTime	DICOM	Decimal	dicomTag (0018,0082)	mandatory 	Période entre le milieu de l'impulsion RF d'inversion au miliey de l'impulsion d'excitation pour détecter la quantité de magnétisation longitudinale	Period between the middle of the inversion RF pulse and the middle of the excitation pulse to detect the amount of longitudinal magnetization	I39	
MRImage	ReceiveCoilName	MRImage_ReceiveCoilName	ReceiveCoilName	ReceiveCoilName	DICOM	String	dicomTag (0018,1250)	mandatory 	Antenne de réception utilisée	Receiving antenna used	I40	
CTImage	KVp	CTImage_KVp	KVp	KVp	DICOM	Integer	dicomTag (0018,0060)	optional	Pic kilovoltage de la tension produite par le générateur de rayons X	Peak kilovoltage of the voltage produced by the X-ray generator	I41	
CTImage	XRayTubeCurrent	CTImage_XRayTubeCurrent	XRayTubeCurrent	XRayTubeCurrent	DICOM	Integer	dicomTag (0018,1151)	mandatory 	Courant du tube à rayons X en mA	X-ray tube current in mA	I42	
CTImage	ExposureTime	CTImage_ExposureTime	ExposureTime	ExposureTime	DICOM	Integer	dicomTag (0018,1150)	mandatory 	Temps d'exposition aux rayons X en ms	X-ray exposure time in ms	I43	
CTImage	SpiralPitchFactor	CTImage_SpiralPitchFactor	SpiralPitchFactor	SpiralPitchFactor	DICOM	Decimal	dicomTag (0018,9311)	mandatory 	« Spiral Pitch » Rapport entre l'avance de la table par rotation et la largeur totale de la collimation	"""Spiral Pitch Ratio of table advance per rotation to total collimation width"	I44	
CTImage	FilterType	CTImage_FilterType	FilterType	FilterType	DICOM	String	dicomTag (0018,1160)	mandatory 	Type de filtre	Filter type	I45	
CTImage	ConvolutionKernel	CTImage_ConvolutionKernel	ConvolutionKernel	ConvolutionKernel	DICOM	String	dicomTag (0018,1210)	mandatory 	Une étiquette décrivant le noyau de convolution ou l'algorithme utilisé pour reconstruire les données	A label describing the convolution kernel or algorithm used to reconstruct the data	I46	
PTImage	AttenuationCorrectionMethod	PTImage_AttenuationCorrectionMethod	AttenuationCorrectionMethod	AttenuationCorrectionMethod	DICOM	String	dicomTag (0054,1101)	mandatory 	Méthode de correction d’atténuation	Attenuation correction method	I47	
PTImage	ReconstructionMethod	PTImage_ReconstructionMethod	ReconstructionMethod	ReconstructionMethod	DICOM	String	dicomTag (0054,1103)	mandatory 	Méthode de reconstruction par exemple, rétroprojection filtrée 2D, itérative 2D, 3D PROMIS, 3D FAVOR, 3D itérative.	Reconstruction method e.g. 2D filtered back projection, 2D iterative, 3D PROMIS, 3D FAVOR, 3D iterative	I48	
PTImage	ScatterCorrectionMethod	PTImage_ScatterCorrectionMethod	ScatterCorrectionMethod	ScatterCorrectionMethod	DICOM	String	dicomTag (0054,1105)	mandatory 	Méthode de correction de la diffusion. Par exemple, convolution-soustraction, fenêtre à double énergie, basé sur un modèle, utilisation de données d'atténuation.	Scattering correction method. For example, convolution-subtraction, dual energy window, model based, use of attenuation data	I49	
NMImage	AttenuationCorrectionMethod	NMImage_AttenuationCorrectionMethod	AttenuationCorrectionMethod	AttenuationCorrectionMethod	DICOM	String	dicomTag (0054,1101)	mandatory 	Méthode de correction d’atténuation	Attenuation correction method	I50	
NMImage	ReconstructionMethod	NMImage_ReconstructionMethod	ReconstructionMethod	ReconstructionMethod	DICOM	String	dicomTag (0054,1103)	mandatory 	Méthode de reconstruction par exemple, rétroprojection filtrée 2D, itérative 2D, 3D PROMIS, 3D FAVOR, 3D itérative.	Reconstruction method e.g. 2D filtered back projection, 2D iterative, 3D PROMIS, 3D FAVOR, 3D iterative	I51	
NMImage	ScatterCorrectionMethod	NMImage_ScatterCorrectionMethod	ScatterCorrectionMethod	ScatterCorrectionMethod	DICOM	String	dicomTag (0054,1105)	mandatory 	Méthode de correction de la diffusion. Par exemple, convolution-soustraction, fenêtre à double énergie, basé sur un modèle, utilisation de données d'atténuation.	Scattering correction method. For example, convolution-subtraction, dual energy window, model based, use of attenuation data	I52	
DXImage	ImageLaterality	DXImage_ImageLaterality	ImageLaterality	ImageLaterality	DICOM	String	dicomTag (0020,0062)	mandatory 	Examen de la latéralité de la partie du corps examinée	Examination of the laterality of the body part examined	I53	
DXImage	PatientOrientation	DXImage_PatientOrientation	PatientOrientation	PatientOrientation	DICOM	String	dicomTag (0020,0020)	optional	Orientation du patient	Patient orientation	I54	
DXImage	AnatomicRegionSequenceCodeMeaning	DXImage_AnatomicRegionSequenceCodeMeaning	AnatomicRegionSequenceCodeMeaning	AnatomicRegionSequenceCodeMeaning	DICOM	String	dicomTag (0008,0104)	optional	Texte qui transmet la signification de l'entrée codée	Text that conveys the meaning of the coded entry	I55	
DXImage	AnatomicRegionSequenceCodeValue	DXImage_AnatomicRegionSequenceCodeValue	AnatomicRegionSequenceCodeValue	AnatomicRegionSequenceCodeValue	DICOM	String	dicomTag (0008,0100)	optional	Doit être présent si la longueur de la valeur du code est de 16 caractères ou moins, et si la valeur du code n'est pas un URN ou une URL	Must be present if the length of the code value is 16 characters or less, and if the code value is not a URN or URL	I56	
DXImage	KVP	DXImage_KVP	KVP	KVP	DICOM	Integer	dicomTag (0008,0060)	optional	Pic kilovoltage de la tension produite par le générateur de rayons X	Kilovoltage peak of the voltage produced by the X-ray generator	I57	
DXImage	Exposure	DXImage_Exposure	Exposure	Exposure	DICOM	Integer	dicomTag (0018,1152)	optional	L'exposition exprimée en mAs, par exemple calculée à partir du temps d'exposition et du courant du tube radiogène	Exposure expressed in mAs, e.g., calculated from exposure time and X-ray tube current	I58	
DXImage	ExposureTime	DXImage_ExposureTime	ExposureTime	ExposureTime	DICOM	Integer	dicomTag (0018,1150)	optional	Durée de l'exposition aux rayons X en ms	X-ray exposure time in ms	I59	
ROISegmentation	ReferencedSOPInstanceUID	ROISegmentation_ReferencedSOPInstanceUID	ReferencedSOPInstanceUID	ReferencedSOPInstanceUID	DICOM	String	Dicomtag (0008,1155)	mandatory 	Identifiant unique de l'objet DICOM	Unique identifier of the DICOM object	I60	
ROISegmentation	ROINumber	ROISegmentation_ROINumber	ROINumber	ROINumber	DICOM	String	dicomtag (3006,0084)	mandatory 	L'identifiant de la région d'intérêt (ROI)	The Region of Interest (ROI) identifier	I61	
ROISegmentation	ROIName	ROISegmentation_ROIName	ROIName	ROIName	DICOM	String	dicomtag (3006,0026)	mandatory 	Nom défini par l'utilisateur pour le ROI	User-defined name for the ROI	I62	
ROISegmentation	ROIDescription	ROISegmentation_ROIDescription	ROIDescription	ROIDescription	DICOM	String	dicomtag (3006,0028)	optional	Description définie par l'utilisateur de la ROI	User-defined description of the ROI	I63	
ROISegmentation	ROIType	ROISegmentation_ROIType	ROIType	ROIType		String		mandatory 	Type de ROI (ex. RTStruct, masque binaire)	Type of ROI (e.g. RTStruct, binary mask)	I64	
ROISegmentation	ROIFilename	ROISegmentation_ROIFilename	ROIFilename	ROIFilename		String		mandatory 	Identifie de manière unique l'identifiant ou le nom de fichier référencé	Uniquely identifies the referenced identifier or file name	I65	
RadiomicsCriteria	SoftwareName	RadiomicsCriteria_SoftwareName	SoftwareName	SoftwareName	IBSI	String	IBSI61	mandatory 	Nom du logiciel utilisé pour calculer les biomarqueurs d'image	Name of the software used to calculate the image biomarkers	I66	
RadiomicsCriteria	SoftwareVersion	RadiomicsCriteria_SoftwareVersion	SoftwareVersion	SoftwareVersion	IBSI	String	IBSI61	mandatory 	Version du logiciel utilisé pour calculer les biomarqueurs d'image	Version of the software used to calculate the image biomarkers	I67	
RadiomicsCriteria	ComputationalLocalisationMethod	RadiomicsCriteria_ComputationalLocalisationMethod	ComputationalLocalisationMethod	ComputationalLocalisationMethod		String	LOCAL or GLOBAL	mandatory 	Le champ permet de définir si la méthode de calcul a été appliquée sur l'image entière (voxels de l'image) sur ou une zone d'intérêt (ROI)	The field allows to define if the calculation method was applied on the whole image (image voxels) or on a region of interest (ROI)	I68	
RadiomicsCriteria	CalculationWindowMatrix	RadiomicsCriteria_CalculationWindowMatrix	CalculationWindowMatrix	CalculationWindowMatrix		String	Ex. 5x5x5	mandatory if LOCAL	Matrice de la fenêtre de calcul	Matrix of the calculation window	I69	
RadiomicsCriteria	UsedImageFilter	RadiomicsCriteria_UsedImageFilter	UsedImageFilter	UsedImageFilter		String	Ex. MEAN	mandatory 	méthode utilisée pour filtrer les images avant le calcul	Method used to filter the images before the calculation	I70	
RadiomicsCriteria	UsedImageFilterParameters	RadiomicsCriteria_UsedImageFilterParameters	UsedImageFilterParameters	UsedImageFilterParameters		String	Ex. 3x3x3	mandatory 	Paramètres de la méthode utilisée pour filtrer les images avant le calcul	Parameters of the method used to filter the images before the calculation	I71	
RadiomicsCriteria	DistanceWeighted	RadiomicsCriteria_DistanceWeighted	DistanceWeighted	DistanceWeighted	IBSI	String	IBSI63	mandatory 	Définir comment CM, RLM, NGTDM et NGLDM pondèrent les distances, par exemple aucune pondération	Define how CM, RLM, NGTDM and NGLDM weight the distances, e.g. no weighting	I72	
RadiomicsCriteria	DiscretisationMethod	RadiomicsCriteria_DiscretisationMethod	DiscretisationMethod	DiscretisationMethod	IBSI	String	IBSI56A (FBN or FBS)	mandatory 	Méthode d'intensité de rééchantillonnage	Resampling intensity method	I73	
RadiomicsCriteria	BinSize	RadiomicsCriteria_BinSize	BinSize	BinSize	IBSI	Decimal	IBSI56B	mandatory	Nombre de bins (FBN), taille de bins (FBS) pour la discrétisation	Number of bins (FBN), bin size (FBS) for discretization	I74	
RadiomicsCriteria	Bound	RadiomicsCriteria_Bound	Bound	Bound		String	Ex. Min-Max VOI, Bornes libres, Mean+/-sd, Mean+/-3sd	mandatory if FBN	Borne en intensité pour effectuer la discrétisation	Intensity boundary to perform discretization	I75	
RadiomicsCriteria	LowestIntensity	RadiomicsCriteria_LowestIntensity	LowestIntensity	LowestIntensity	IBSI	Decimal	IBSI56C	mandatory if FBS	Intensité la plus faible du premier bin pour la discrétisation FBS	Lowest intensity of the first bin for discretization FBS	I76	
RadiomicsCriteria	BiggestIntensity	RadiomicsCriteria_BiggestIntensity	BiggestIntensity	BiggestIntensity	IBSI	Decimal	IBSI56C	mandatory if FBS	Intensité la plus forte du dernier bin pour la discrétisation FBS	Highest intensity of the last bin for FBS discretization	I77	
RadiomicsCriteria	BoundsRangeOfValueAfterDiscretisation	RadiomicsCriteria_BoundsRangeOfValueAfterDiscretisation	BoundsRangeOfValueAfterDiscretisationBoundsRangeOfValueAfterDiscretisation			String	Ex. 0,100	mandatory	Intensités limites après discrétisation	Boundary intensities after discretization	I78	
RadiomicsCriteria	SpatialResamplingMethod	RadiomicsCriteria_SpatialResamplingMethod	SpatialResamplingMethod	SpatialResamplingMethod		String	Bicubic spline, Tricubic spline, Lagrangian polynomial	mandatory	Méthode de ré-échantillonnage spatial	Spatial resampling method	I79	
RadiomicsCriteria	SpatialResamplingValues	RadiomicsCriteria_SpatialResamplingValues	SpatialResamplingValues	SpatialResamplingValues		String	Ex. [0.3,0.3,1.2]	optional	Valeurs de rééchantillonnage spatial	Spatial resampling values	I80	
RadiomicsCriteria	TextureMatrixAggregation	RadiomicsCriteria_TextureMatrixAggregation	TextureMatrixAggregation	TextureMatrixAggregation	IBSI	String	IBSI62	mandatory	Définir comment les biomarqueurs basés sur les matrices de texture ont été calculés à partir des matrices de texture sous-jacentes	Define how the texture matrix-based biomarkers were calculated from the underlying texture matrices	I81	
RadiomicsImageFilter	SoftwareName	RadiomicsImageFilter_SoftwareName	SoftwareName	SoftwareName		String		mandatory	Nom du logiciel utilisé	Name of the software used	I82	
RadiomicsImageFilter	SoftwareVersion	RadiomicsImageFilter_SoftwareVersion	SoftwareVersion	SoftwareVersion		String		mandatory	Version du logiciel utilisé	Version of the software used	I83	
RadiomicsImageFilter	FilterMethod	RadiomicsImageFilter_FilterMethod	FilterMethod	FilterMethod		String	Mean Filter , Laplacian of Gaussian, Laws Kernels , Gabor, Wavelets, Riesz, Simoncelli	optional	Méthode de filtre des images	Method of image filtering	I84	
RadiomicsImageFilter	FilterType	RadiomicsImageFilter_FilterType	FilterType	FilterType		String	Slice-wise (2D), Volume (3D)	optional	Type de filtre des images	Type of image filter	I85	
RadiomicsImageFilter	FilterInterpolation	RadiomicsImageFilter_FilterInterpolation	FilterInterpolation	FilterInterpolation		String	Bicubic spline, Tricubic spline, Lagrangian polynomial	optional	Type d'interpolation des filtres	Type of filter interpolation	I86	
RadiomicsImageFilter	IntensityRounding	RadiomicsImageFilter_IntensityRounding	IntensityRounding	IntensityRounding		String	IBSI52	optional	Champ permettant de décrire les unités fractionnaires Hounsfield arrondies à des valeurs entières après interpolation	Field to describe fractional Hounsfield units rounded to integer values after interpolation	I87	
RadiomicsImageFilter	BoundaryCondition	RadiomicsImageFilter_BoundaryCondition	BoundaryCondition	BoundaryCondition		String	zero padding, mirror padding, periodic padding, Constant Value Padding, Nearest Value Padding	optional	Condition de limite	Boundary condition	I88	
RadiomicsFeature	Id	RadiomicsFeature_Id	Id	Id		String		mandatory	Numéro unique de la nomenclature IBSI	Unique number of the IBSI nomenclature	I89	
RadiomicsFeature	Name	RadiomicsFeature_Name	Name	Name		String		mandatory	Nom de la mesure radiomique de la nomenclature IBSI	Name of the radiomic measure of the IBSI nomenclature	I90	
RadiomicsFeature	Value	RadiomicsFeature_Value	Value	Value		String		mandatory	Valeur	Value	I91	
Course_Type	Type	Type	Type	Type		String	PLANNED or DELIVERED	mandatory	Type (planifié ou délivré)	Type (planned or delivered)	I92	
Course_TreatmentIntent	TreatmentIntent	TreatmentIntent	TreatmentIntent	TreatmentIntent	SNOMED	Integer	If PLANNED (RT Plan/RT General Plan/Plan Intent (300A,000A))	optional	Un code expliquant l’objectif (p.ex. thérapie curative, palliative, préventif)	A code explaining the purpose (e.g., curative, palliative, preventive therapy)	I93	
Course_TerminationReason	TerminationReason	TerminationReason	TerminationReason	TerminationReason	SNOMED	Integer		optional	Un code expliquant la raison de fin non planifiée ou prématurée, ou l'achèvement normal	A code explaining the reason for unplanned or premature termination, or normal completion	I94	
Course_NumberOfSessions	NumberOfSessions	NumberOfSessions	NumberOfSessions	NumberOfSessions		Integer	If PLANNED (RT Plan/RT Fraction Scheme/Number Of Fractions Planned (300A,0078))	optional if PLANNED	Nombre total de traitements planifié	Total number of treatments planned	I95	
Course_StartDate	StartDate	StartDate	StartDate	StartDate		Date		mandatory	Date et heure de début	Start date and time	I96	
Course_EndDate	EndDate	EndDate	EndDate	EndDate		Date		mandatory	Date et heure de fin	End date and time	I97	
Phase_Type	Type	Type	Type	Type		String	PLANNED or DELIVERED	mandatory	Type (planifié ou délivré)	Type (planned or delivered)	I98	
Phase_NumberOfFractions	NumberOfFractions	NumberOfFractions	NumberOfFractions	NumberOfFractions		Integer	If PLANNED (RT Plan/RT Fraction Scheme/Fraction Group Sequence/Number Of Fractions Planned (300A,0078))	mandatory	Nombre de fractions	Number of fractions	I99	
Phase_StartDate	StartDate	StartDate	StartDate	StartDate		Date		mandatory	Date et heure de début	Start date and time	I100	
Phase_EndDate	EndDate	EndDate	EndDate	EndDate		Date		mandatory	Date et heure de fin	End date and time	I101	
Phase_AlgorithmName	AlgorithmName	AlgorithmName	AlgorithmName	AlgorithmName		String	RT Dose/Structure Set /Structure Set ROI Sequence/ROI Derivation Algorithm Identification Sequence/Algorithm Name (0066,0036)	mandatory	Nom de l’algorithme	Name of the algorithm	I102	
Plan_Type	Type	Type	Type	Type		String	PLANNED or DELIVERED	mandatory	Type (planifié ou délivré)	Type (planned or delivered)	I103	
Plan_NumberOfFractions	NumberOfFractions	NumberOfFractions	NumberOfFractions	NumberOfFractions		Integer	if PLANNED (RT Plan/RT Fraction Scheme/Fraction Group Sequence/Number Of Fractions Planned (300A,0078))	mandatory	Nombre de fractions	Number of fractions	I104	
Plan_StartDate	StartDate	StartDate	StartDate	StartDate		Date		mandatory	Date et heure de début	Start date and time	I105	
Plan_EndDate	EndDate	EndDate	EndDate	EndDate		Date		mandatory	Date et heure de fin	End date and time	I106	
Plan_ReasonReplanification	ReasonReplanification	ReasonReplanification	ReasonReplanification	ReasonReplanification	SNOMED	Integer		optional	Raison de replanification	Reason for replanning	I107	
Volume_Identifier	Identifier	Identifier	Identifier	Identifier		String		mandatory	Numéro d'identification du ROI	ROI identification number	I108	
Volume_Morphology 	Morphology	Morphology	Morphology	Morphology	SNOMED	Integer		mandatory	Le type de volume de radiothérapie (Cible/organe à risque)	The type of radiation therapy volume (Target/organ at risk)	I109	
Volume_Location	Location	Location	Location	Location	SNOMED	Integer		mandatory	Codes décrivant les emplacements du corps où les traitements de radiothérapie peuvent être dirigés	Codes describing the locations in the body where radiation therapy treatments can be directed	I110	
Volume_LocationQualifier 	LocationQualifier	LocationQualifier	LocationQualifier	LocationQualifier	SNOMED	Integer		optional	Différents codes permettant de préciser la localisation du corps où les traitements de radiothérapie peuvent être dirigés	Various codes to specify the location in the body where radiation therapy treatments may be directed	I111	
Volume_Description	Description	Description	Description	Description		String		optional	Description du volume de radiothérapie pouvant contenir toute information supplémentaire en plus des codes SNOMED	Description of the volume of radiation therapy that may contain any additional information beyond the SNOMED codes	I112	
DoseToVolume_VolumeReference	VolumeReference	VolumeReference	VolumeReference	VolumeReference	DICOM	String	RT Structure Set/Structure Set/Structure Set ROI Sequence/ROI Number (3006,0022)	mandatory	Volume visé par la dose prévue	Target volume of the planned dose	I113	
DoseToVolume_FractionDose	FractionDose	FractionDose	FractionDose	FractionDose		String		optional	Dose de rayonnement prévu par fraction	Planned radiation dose per fraction	I114	
DoseToVolume_NumberOfFractions	NumberOfFractions	NumberOfFractions	NumberOfFractions	NumberOfFractions	DICOM	Integer	RT Plan/RT Fraction Scheme/Fraction Group Sequence/Number of Fractions Planned (300A, 0078)	optional	Nombre de fractions prévues	Number of planned fractions	I115	
DoseToVolume_TotalDose	TotalDose	TotalDose	TotalDose	TotalDose	DICOM	String	RT Plan/RT Prescription/Dose Reference Sequence/Target Prescription Dose (300A, 0026)	mandatory	La quantité totale de rayonnement délivrée à ce volume	The total amount of radiation delivered to this volume	I116	
ModalityAndTechnique_Modality	Modality	Modality	Modality	Modality	DICOM	String	RT Plan/ RT Beams/Beam Type (300A, 00c4) WHERE Treatment Delivery Type='TREATMENT' (300A,00CE) OR Treatment Protocols (300A,0009)	mandatory	Technique de la procédure de radiothérapie	Technique of the radiotherapy procedure	I117	
ModalityAndTechnique_Technique	Technique	Technique	Technique	Technique	DICOM	String	RT Plan/RT Beams/Beam Sequence/Radiation Type (300A, 00C6)	mandatory	Modalité de la procédure de radiothérapie	Modality of the radiotherapy procedure	I118	
ModalityAndTechnique_TreatmentMachinePlanned	TreatmentMachinePlanned	TreatmentMachinePlanned	TreatmentMachinePlanned	TreatmentMachinePlanned	DICOM	String	RT Plan/RT Beams/Treatment Machine Name (300A, 00B2)	optional	Nom de la machine de traitement à utiliser pour l’émission du faisceau	Name of the treatment machine to be used for beam delivery	I119	
Equipment_Manufacturer	Manufacturer	Manufacturer	Manufacturer	Manufacturer		String		mandatory	Fabricant de l’appareil pour administrer le traitement	Manufacturer of the treatment delivery device	I120	
Equipment_Model	Model	Model	Model	Model	DICOM	String	RT Plan/RT Beams/Beam Sequence/ Treatment Machine Name (300A,00B2)	mandatory	Modèle de l’appareil pour administrer le traitement	Model of the treatment delivery device	I121	
EnergyOrIsotope_Quantity	Quantity	Quantity	Quantity	Quantity	DICOM	Decimal	RT Plan/RT Beams/Beam Sequence/Control Point Sequence/Nominal Beam Energy (300A,0114)	mandatory	Spectre de l'énergie d'un rayonnement caractérisé par une valeur maximale. Pour les électrons, l'énergie maximale est donnée en MeV. Pour les photons, la tension d'accélération maximale est donnée en MV ou en kV, bien qu'il ne s'agisse pas d'unités d'énergie	Energy spectrum of a radiation characterized by a maximum value. For electrons, the maximum energy is given in MeV. For photons, the maximum acceleration voltage is given in MV or kV, although these are not units of energy	I122	
EnergyOrIsotope_IsotopeName	IsotopeName	IsotopeName	IsotopeName	IsotopeName		String		optional	L'isotope utilisé pour la radiothérapie	The isotope used for radiotherapy	I123	
